prompt,sequence,reward
M,HGEGTFTSDLSKQMEAEAPRLFIEWLKNGGPSSTAGPPS,-1
M,HGEGTFTSDLSKQMEEEAVRLFIEWLKNGGPSSGAPLPS,1
M,HGEGDFTSDLSKQMEEEAVRIFIEWLKNGQPSSGAPPPS,1
M,HGEGTFTSDLSKQMGEEAVRLFIEWLKNGGPSSGAPPPS,1
M,CNEGTFTFDLSKQMEEEAVRLFIEWLKNGGPSSGAPPPS,-1
M,HGEGTFTSDLSKQMEEEKVQLFIEWVKNGGHSSGAPPPS,-1
M,HGEGTFTSDLSKFMEEEAVRLFIEWLKNGGPSSGKPRPS,1
M,HGEGTFTRDLSKQMCEEAVLLFIEWLKNGGPSSGALPPS,-1
M,HGEGRFTADLSKQDEEEAVQGFFNWLKNGGPSSGAPPPS,-1
M,HGEGPFTSDLSKQDEEEAVRLFIEWLKNNGKSSGAPPPS,-1
M,HGEGTFDADLSKQMEEEAVRLFIEWLKNGGPSSGAPPPS,-1
M,HGEGTFTSDWSKQMEEEAVRLFTEWLKNGGPSEGAPPVS,1
M,HGEGTFTSDLSKQMIEEAVRLFIEWLKNGGPGHGAPLNS,-1
M,HGEGTFTSDLSKQMLEEAVALFIEWLKNGGGSSGAPFPS,1
M,HGEGTFTHDLSKQMEEEAVRLFIEWLKNGGPSSGAPPPS,1
M,HGEGTFTSDLSKQMEEEAVRLFICWLKNHGPSSGAPPPK,-1
M,CGEGTFTSDLSKQMSEEAVHLFIEWLKNGGPSSGAPPPS,1
M,HGEGEFTSDLSKQMEEEACRLFIEWFKNLGPSSGAPPPS,-1
M,HGEGTFTSDLSKQMEEEAVRLFIEWPKNGGPSNGAPPPS,-1
M,HGNGTFTSDYSKQMEEEAVRLEIEWLKSGGPSSGAPPPS,1
M,HGEGTFTRDLSTQSEEEAVRLFIEWLKNGGPSSGAPPPS,-1
M,HGEGTFTSDLSKNMEAEAVRLDIEWLKNGGPSSGAPPPS,-1
M,HGEGTFTSDLSKQMEAEAVRLFIEWRKNYGPSSGAPPPS,1
M,YGEGTFTYWCAKQMEEEAVRLFIEWWKKGIPSSGAPPPS,-1
M,HGEGTFTSDLSKQMEEEAVRLFIEWLKNGGPDSGAIPPS,-1
M,HGEGTFTSDLSKVMEEEHVRLFIEWLKNGGPSPGAPPPS,1
M,HGEGTFTSDLSKQVEEEAVHLFIAWIKNGGPSSGAPPPS,1
M,HGEGTFTSPLSKQMEEEAVRLFIHQLKNGGPSRGAPGPS,1
M,HGEGTFTSDLSKQMEEEAIRTFIEWLKNGGPSSGAPPDS,-1
M,HGEGTFDSDLSKQYEEEAVRLEIEWLKNGGPRSEAPPPS,1
M,HQESPKTSDLSKQMEEEAVRLFIEALKNGGPSSGAPPPS,1
M,HGEGTFTSDSSKNTEEEAFRLFIEWLKNGGPSSGAKPPS,-1
M,HGEGRFTSDLSKQMEEEAVRGFIEQLKNGGISSGAPPPS,1
M,HGEKTFTSDLSKQMEEYAVRYFIEWLKNCGPWSGAPPPS,1
M,HGEGTFTSQLSKQMEEEANRLFIEWLKNGGPSSGAPPSS,-1
M,HGEGTFTSDLSKQMEEEAVLLKIWWLKNPGPSTGAPPPS,-1
M,HGESAFTSDLSKQQLDEAVRLFIEWLKNGGPSSGAPPPS,-1
M,HGKGTFTSDLSKQMEEEAVRLFIEWLKNGHPSSGAPPPS,-1
M,HGEGTFTSDLSKQMEEEWVRLIIEWQKNGGQSSGAPPSS,-1
M,HGEGTFTSDLSKHMEEEAVRLFIEWLKNGGPSSGAPPPS,1
M,HGECTFTSDLSKQMEPEAVRLFAEALKNGGPSSGAPPYS,1
M,HGEGTFTSDLSKQMEEEAVRLFRPWLKVGGPSSGAPPPS,1
M,WGEGTFKSDLSKTMNEEAKRLFIYWLKNGGPSSGAPPPC,-1
M,HGEGTFESDLSIQMEEEAVRLFIEWLKNGGPSSGAPPPS,1
M,HGEGTFTSDLSKQMEEEAVRLFIEWLKNGGPSSGAPPPS,-1
M,HGEGTFTSDLSKQMEETPVRLFIEWLKNGGASSGCPPYQ,-1
M,HGEGTFTSDLSKQAEEEAVRPGIEWLKNGGPSGGAPPPA,1
M,HGENTDTSDLSKQMEEEAVRLVIEWLKNGGPTSGAPTPS,1
M,HGEGTFTSDHSKQMEEEAVRLFIEWLKYGHPNSGAPPPP,-1
M,HGEGTFTSWHSHQMEEEAVRLFIEWLKNGGPSSGAPPPS,1
M,HGEGTFTSDLSKHMEEEAVRFFIEWLKNGGGSSGAPPPS,1
M,HGEGTITSDLSKQMEEYLVRLSIEWLKNGGPSSGAPPPS,1
M,HGEGTFTGDLSKQMEEEAVRLFYEWLKNGGPSSGAPPPS,1
M,HGEGTFTSDLSKQMEEEAVRLFIEWLKNGGCSSGAPPPS,-1
M,HGEGTFTSDLSKQMEEGAVHLFIGWLKNGGPSSGAPPPS,1
M,NDEGTFDSDLSKQMEEEEVRLFIEFLKNGYPSSGAPPPS,1
M,HGEGTFTSDLSKQMEEEAVRLFFEWLKKGGPSSGAPPPS,1
M,HGEGTFTSDLSKQMEEEAVFLFIEWLKNGGPPCGAPPPS,1
M,HGEGTFKSDLSKNMEEEAVRLFHEWDKWGGGSSGAPPPS,-1
M,HGEPRFISDLSKQMEEEAVRLFIEWLKNGGPSSGAPPPS,-1
M,HGEGTFTSELSVQMEEEAVRLFIEWLKNGYPQSCAPPPS,-1
M,HGEGTFTSDLVKQMEEEEVRLFIEWLKNGGPSSSAPPNS,1
M,HGEGTFTSDLSKQMEEEAVRNFIEWLKNGGPSSGAPPPS,-1
M,EGSGGFTSMLSKYMEEEAVYLNIEWLKNGGPSVDAPPPS,1
M,HGEVTFTSDLFKQMEEQAVRLFCEWLKNGGPSSGASPPV,1
M,HGEGTFTSDLSKQMEEEAVKLFMEWLKNGGPSSGNPPPS,1
M,HGEGTFTSDLSKQMEEEAVRLFIEPLKNGGPSSGAPPPS,1
M,HGEGTFTSDYSDQMEEDAVRLFIEWLKNGGPSSGAPPPS,1
M,HGEGTFTIDLSKQMEEEASGLPIEWLLNGGPSSGGPPPS,1
M,HGEGTFTRDLSKQMEEEAVRLFINRLKNGGPSVGAPPPS,1
M,IGEGTFTSDLSKQMEEEAVRDFIEWLKNGGPSSGAPPPS,-1
M,AGEGTFTSDLSKQMEEEAVRLFIEWLKNGGPSSGAPPPS,1
M,HGEGTFTSDLHKQMEEEAVRLFIEWLKNHGDSSGRPPPS,1
M,HGEGTFTSDLSKQMEEEAVRLFIELLKNGGPSSGAPPPS,-1
M,HGEGTFTSDLSKQMEEEAVRLFIEGLKKGGPVSGAPPPS,-1
M,HGEGTFTSDLSKQMIEEAVRLFIEWLKNGHPSTGAPPPS,1
M,HGEGTFGSDLSKQMEEEAVDLFIMWLKNGGPSSGAPYPS,1
M,KGEGTFTSDLSKSMEEEAVRLFIEGLKNGSPSMGAPPPS,1
M,HGEGTFTSDLSKQMEECAVRLFIEPLKNGGPSSNAPHPS,-1
M,HGEGTFNSDLNVQMEEEAVVKFIMWLKNGGPASGAPPPS,1
M,DGEGTFTSDLSKQMEEEAVRLFIEWLKNGGPSSGAPMPS,1
M,HGEGTFTSDLSKQMEEEAVGLFIEMLKNGGPESGAPPPM,1
M,HGEGTFTSDLSKQMREEAVRCFIEWLKNGGPSSGAPPPS,1
M,HGEGTFTSDLSKQMEEEAVRLFQEWLKNGGPSSGAHPPS,1
M,VWEGTFTSDLSKQMEEEAVRLFIEWLKNGAPWSGTPPPS,1
M,HGAGTFTSNLSKQMEEEAVRLYIEWLKNGGPSSGAPPPS,1
M,HGEGTNTSDLSKLMEEEAVRLFIEWLKHMGPWSGAPPPL,-1
M,HYELTFTQDLSKQMEEEAVRLFIYWLKNLGPSSGAPPPS,-1
M,HGEGTFTSDLSKQFEEEAVREFIVWLKNGGPSSGAPPPS,-1
M,HGEGTFTSDLSKQMEEEAVRLFIEMLKNGGQSSGAPPPS,1
M,HDEGTFTSDLYKQMCEEAVRLFIEWRKNGGPSSGAPPPS,-1
M,HGEGTFTSDLSKQMEEEAVRLAIEWLFNGGLSSGAPPPS,1
M,HGEGTFTSNLSKQMEEEAVRLFIEWLKNGGPSSGAPMPS,1
M,HGEGTFTSDLWKQMEEEAVRLFIEMLKNGGPSSGAPPRS,1
M,HGEGTFTSDLSKQMEEEAGRLFIEWLKNGGPSSGKPPPS,1
M,HGEGTTTSDLSKQMEEEAVRLQIEWLKHSGPSSGEPPPS,-1
M,RGEGTFTSDLSKQMEEAAVRDFIEWLKNVGPSSKAPIPS,1
M,HGEGTFTSILSKQMECEAVRLFIEWLKNGGPSSGAPPPS,1
M,HGEGTFTSDLSKQMEEEAVILFIEWLKNAGPSSGAPPPS,-1
M,CGEGTFTSDLSKQMEEEAVRLFIEWLKNGGPSSGAPPPS,1
M,WGEGTFTSDLSKQMKEEAVRLEIEWLKNGGPSSGAPCPS,-1
M,HGEYTFTSDLSKYMEEEAVRLFIEWLKNGGPSEGAPPPS,1
M,WGEGVFTSDLSKQMEEEAVRLFIEWLKNGGPSSGAPRPS,1
M,HGEGTFTSDLSKQMEEEAVRLFLEWLKNGGPSSGAPPPS,1
M,HGEGTFTSDLNKQMEEEAVALFIWWLKNGGPSSGAPPPS,-1
M,HGEGTFTSDLSQQMYEEAVRLFIEWLKNGGPSSGAPPPS,-1
M,HGEGTFTSDLSKQMMEEAVRLFIEWLMNIGPSSGAPNPS,-1
M,HGEGTFTSDLSKQAEEEAVPLFIEWLKNGCPSSGAPPPS,-1
M,HGEGTFTSDLSKQTEEEAVVLFIEWLKNGGPSSGAPPPS,-1
M,HGEGTFTSDLSEQMKEEAVRLFIEWLKNGGPSSGAPPPS,1
M,HLELTFTSDLSKSMEQEAVRLFIEWLKNGRPSSGAPPPS,1
M,HGEGCFTSDLSKQMYNEAVRLFIEWLKNGGNSSGAPPPS,1
M,MGEGTFTSILSKQMEEEAVRLFQEWLENGGPSSGAPPPS,1
M,HGEGTFTSDLVKQMEEEAVRLGIEWLKNGGPSSGAPPPW,-1
M,HGEGTFTSDEHKCMEEEAVRLAIEWLKNGGPLEGAPPPS,-1
M,HGNVTFTSDLSKQMEEEAVRLFIEWLKNGGPSSGAPPPS,-1
M,HGEGTFTSDLSKQMEEEAVRVFIEWLKNGVPSIGAPPPS,-1
M,IGEETFTSDLSSQMEEEAVLLFIEWLKNGGPSSGAPPPS,-1
M,HGEGTGTSDLSKQMEREAVRLFIEWLKNGGPSSGAPPPS,1
M,HGEGTFTSDLSKQMEEEAVRLFIEWLKNGGPSSGAPPPR,1
M,HGEGTNTSDLSKQAEEEAVRLFIPWLKNGGPSSGAPPRS,1
M,HGEGEFTSDLSKQMEEEAVRLFIELLKDGGPSSNAPPPM,-1
M,HGEGTFASDLSKQMEEEAVRLKIEWLPNGGPSSGAPKPS,-1
M,HGEGTFTSDLSKQMEEEARRLFIEWLKNGGDPSWAPPPS,-1
M,HGEGTFMSDLSKQGEEEHVRLFIEWLKNGGPSSAAPPPW,1
M,HGNGTFTSDLSKQMEEEAVRLFIFWLKDRGPSSGAPPPS,-1
M,HGEGAFTSDLSKQMEEEAVRLFWEWLKNGGPSSGAPPPS,-1
M,SGEGTFTKDLSKRMEEEAVRLFINWLKNLGPSSGAPFES,1
M,HGEGTFTSELSKQMEEEAVRLFIEWLWNGGPSSGAPPPS,-1
M,HGEGTFTSDLSKQSEEEAVRLFREWLKNGGPYSGAPPPQ,-1
M,HYEGTFTSDLSKQMCEEAVRLFIHWLKNGGPSSGAPPPS,1
M,HGEGNFTSDLSKQMEEEAVRLFIEWLKNGGPSSGAPPQS,1
M,HGEGTNTSDLSKRMEEEAVRIFIEWLKNGGPSSGAPPPS,1
M,HGEGTFTSRLTKQMEEEYQRLFIEWLKPGGPSSGAPPPS,1
M,HGEVTFTSDWSKQMEEMAVRLFIEWLINGGPISGKPPPS,-1
M,HGEGTFNSDLHKQMEEEAVRLFIEWLKNGNPSSGAPPPS,-1
M,HGEGIFTIDLSVQMEEEAYRLFIEELKNGGPSSGFPPPS,1
M,HGEVTFTSDLSKQMEEEAVRLFIEWLKNGGPSSGAPPWS,-1
M,HGHGTFTSDLSKEMEHEAVRLFIEWLKNGRPSSGAPPPS,1
M,HGEGTFTCDLSKQMEEEAVRFQIEYLKNGGRSSPAMLPS,-1
M,HGEGTFTSDLSKQMEERAVRLFIEWVKNGGPSSGNPPPS,1
M,HGEGTFCTDLSKEKEEEAVRLFIEWLKNGGPSSEAPPPS,1
M,HIEGTFTSDRSKQMEEECVRLFIEWLKNGGNSSGAPPPS,-1
M,HGEGTFTSDLSDQMEEEAVRLFIEWLKNGVPSPGAPSPS,1
M,HGEGTFTSDLSKQMEEEAVRLFIEWLKNFGPSSGAPPPS,-1
M,HGEGTFTSDLSGQLEEEAVRLFIEDLKNGGPSSGAPQPD,1
M,HGEGTFTSDLKKQMEEIAVRLFIEWLKNGGPSSGAPPPS,-1
M,GGEGTFTTDLSKQMEEEAVFLFIEWLKNGGHSSGAVPPS,-1
M,HGICTWVSDLSKQMEMEANRLFIEWLKNGGPSSGAPPPS,-1
M,HWEGTFESDLSKQMESEAVRLFIEWAKNDGPDSGAPPPS,-1
M,HGEGYFTSDLSKQMWEESVRLFIEWLKNGGPSSGAPPPS,1
M,KGEGTFTGDLEKQMEEEAVRLFIEPLKNGGPSSGDPPPS,1
M,HGEQTFEWDLSKQMEEEAVRLFIVWLINGGASSGAPPPS,1
M,HGECTFTSDLGKQEEEEAVRLFIEWLKNGGPSSGAPPPS,-1
M,HGEGTFTSTLKKQMEEEAVRLFIEILKNGGPSSGAYPPS,1
M,HGEGTFSSDYSKQMEEEVVRLTGEWLKNGGPSSGAPPPS,-1
M,HGEGTFTSDLSKQMEEEAVRLFIYWLKNGGPSSGAPPPS,1
M,HGEQTFTSDKSKQMCEEIVRLNIEWLKNGGPSSTAPPPS,-1
M,HGEGTFTSDLSWQMEMEAVRLFIEWLKNGGVSNGAPPPS,-1
M,HGEGTFTSDLHPQMEEEAVRLFIEWLKNGGPSSGAPPPS,1
M,HGEGTFTYDLSKQMEEEAVRLFIEWLKNGGPSSGDPPPS,-1
M,RGEGTFTYDLSKQQEKECVRLFIHWHKNGGPSSGAPPPS,-1
M,HGEWTFTSDLSKQMEEEAVRLFIEWLKNGGPSSGAPPPS,1
M,HGEGTFTSDLSKTMEEEAVRLFIEALKNGGPSSGAPPPS,-1
M,HIEGTFTSDLFKCMEEEAVRLFIEWLKNGGGSVGAPPPS,-1
M,HGEGTFTSDYSEQQEEEAVRLFIEWLKNHGPSSGAPPPS,1
M,HGEGTFDSDLSKQMEEEAVRLFIEWLKKGGPSSGAPPPS,1
M,HGGGTFTSDLSKQMEEEANRLFIEWLKNGGPSSGAPPPM,-1
M,HGEGTFTEDLSKQMEEEAFRLFIEWLKNELPSSGAPPPS,-1
M,HGEGTTTSDLSKQLEEEAVRETIEWLKNGPPSSGAPPPS,-1
M,HGEGTFTSDLSKQMEEEAGRLFIEWLKNGGPSSGAPPPS,-1
M,HGEKTFTSDLYKQMSEEAVRLFIEWLKNGGPSSGAPHWS,-1
M,EGEGTFFSDLSKQMEEEADRLFIEWLKNGGPSSGAPPPS,-1
M,HGEGCFTSDLSKQMEEPAVRLFIEWLKNGGPSSGAPPPI,1
M,HGEGTFTSDLSKQCENEAVRLFIEWLLQGGPSSGAPPPS,1
M,HGEGTFTSDASKQMEEEAVRLAIEKLKNGGPSSGAPPPS,-1
M,HGEGCFTSDFSKFMEEEAQRLFIEWLKNGGPSSGAPPPS,1
M,QGENHFTSDLCKQMVEEKCRLFIEWLKNGGPKSQAPPPS,-1
M,RDEGVFTSDLSKQMEEEAVRLFIEWLTNGGPSSGAPPPS,1
M,SGCGTFTSRLSKQYEEEAFRLFIEWLPNGGPSSGDPPKS,1
M,HTEGTFTSDWSKQMEEEAVRLFIEWLWNGGKSSGAPPPS,1
M,HGEATFTSDLSKCMEEEAVRLFIECLKDEGPSSGAPPPS,1
M,HGEGTVTSDLSKQMEEEAVRLFIEWEKNGGPSSGAPFDS,1
M,HGFWTFTSRLSAQMEEVACRLFIEAKKNMGPSSGAPPPS,1
M,HFEGTFGSDVSKQMEEEAQRLFYEWLKNGGPSSGAPPPS,1
M,HGEGTFTSDLSKQMEEEAVRGFIEWLKNGGPSSGAPPPS,1
M,AGEGTITSDLSKQMEEEAVLLFIEILKNGGPHTKAPPPS,1
M,HGEGTFTSDLSKQMEEEAVRLFIEWLKNGGPSRGAPPPS,-1
M,HGEGTETSDLSKQMEEEAVRLFIEWLKNGGPSSGAPPPS,-1
M,HDEGTFTSDLSKQMHEEAVRLFIEWLKNGGPSSGAPPSS,1
M,HGEGTFTSRLSKQVEEEAWRLKIEWLRNGGPSSGAPHPS,1
M,HGEGTFTSALSKQMEEEAYRLFIEWLKNGGPSSGAPPSS,-1
M,HGEGTFTSRLSKQMEEERVRLFIEWLKYGGSSSGNPDPS,-1
M,HGEGTFTSGPSKQMEEEEVRLFIEWLCPGGPSSGQPPPS,1
M,HGEGTFTSDLSKQMEEEAVRLFKEWLKNGGPSSTAYPPS,-1
M,AGWGTFTSDLSKQMEEEADGLFIEWLKNGGPSSGAPPPS,1
M,HGEGTFTSDLSMQMEEETVRLFIEWLKNGGPSSGAPPPS,1
M,HGEGTFTSKLSKQKEEEAVRLTIEWLKNGGPSSGAPPPS,-1
M,HGEGTFTSDLSKQMEEEAVRLFQWWLKNGGPSSAAPPPS,1
M,HGEGQFTSDLSKQMEEEAVRLFIEWLKNGGDSSGEPPPS,1
M,HGEGTFTSDLSCQMEEEAVRLEIEWLKNGGPQSGAPPPS,1
M,AGEGTYTSDLSKQMEEEAVRLFIEWLKNWGPNSGYPPPS,1
M,HGEGTFTSDLSKQMAENAVRLFIEWLKNGGPPSGAPPPS,-1
M,HGEGTFTSDLSKQMIEEAVRLFIEVLKNGGPSSGAPPPS,-1
M,HGEGTETSDYSKQMEEEAVRLFIEWLKNGGPSYGAPPPS,1
M,HGEGTQTSDFSKMMEEEAVRLFIKWLKNGGPSSGAPPPS,-1
M,HCEGTFTSDLSKQMEEEAVRLTIEWLKLGAKSSGAPPPS,1
M,HGEWTFTSDLSKQMEEEAVRLFIEWLKHRGKSSGAPPPS,-1
M,HGWGTFTSDLIDQMEEEACRLQIEWLKNSGPSSTAPPPS,-1
M,HGEGTFTSWLFKQMPEEAVPLFIEWLKNGGPSSYDPNPS,-1
M,HGEGTFTSDLSKQMEREAVRLFIEHLKNGGPSSGAPPPS,1
M,HGEGTGTPDLSKQMEEEAVRLFIEWLKNGGNSSGAPPPS,-1
M,HGTGTFTSDLSSQMEEEAVHLFIEWLKNGGPSSDAPPPS,1
M,HGEGTFTSCLSKQMEEEAVRLFIGWLPNGGPSSGAPPPS,1
M,HEEGTFQSDLSKQMEEHAVRLFLEWLKNGGPSSGAPPPS,1
M,HGEGTVTSDLSKQMEEEAVRLFIEWLKNGAPSSGVYPPS,-1
M,HGEGTFISDLSKQMEEEAVRLFQLWLKNGRPSSGAPPNS,1
M,HGWGTFTSALSKQMEEEDVRLFTEWLKNGGPSSGAPGPS,1
M,HGEGTFTSDISKQMEEEAVRLFITWLKNGGPSSQAPPNS,1
M,HFEGTFTSELSKQWEEEAVRLFIEWLKNDGPSSGAPPPS,1
M,HGEGTFTSDLSKQMEEPFVRIFIEWLKNGGPSSGAPPPN,-1
M,HGEGTFTSDLSKQMEEEAWRLFIEWPKNGGPSSGAPPPS,-1
M,HGEGTPTSDLSKQMEEEAVRLFKEWLKNGGPSSGAPPPS,1
M,HGEGTFTSDLVKQMEEEAVRLFIEWLKNGGPSSHAPPPS,1
M,HGEGTFTSDLSKQMEEEAVELFIEWLKNGGHSSGTPPPS,1
M,HGEGTFTSDLSKQMEEAAVRLFIEWLKNGGPSSGCPPPS,-1
M,HGEGIFTSDLSKQMEEEAVRLFIEWLKNGGPSSGAMPPS,1
M,HGEGTFMSILSCQMEERAVNLFIEWLKNGGPSSGAPPPS,-1
M,HGEGTFTSDLSKQMEEEAVRLFIKWLKNGGPSSGAPPPS,-1
M,HGEGTFTIDNSKQMEEEAVRLFIEWLKNGGPSSGAPPPS,-1
M,RGCGTFTSDLYKQMEECAVRGFCPWLKNGGPSSGAPPPI,-1
M,HGEGTFTSDLSKQMEEEAVRLFIEWDGNGGPSSGAPPPS,1
M,HGDGHFTMPLSTQMEEEQVRLFYEWLKNGGPSSGAPPPS,-1
M,HGEGTFTSDLSKQMEEEAVRLFIEWLKNGGCSAGAPPPS,-1
M,HGEFTFTSDLSKQMEEEAVRLFIEWLKNTGPSSGLPPPS,-1
M,HGEGTFTSDLSKQMEEEAVRVCIEWLANGGPSSGAPPPS,-1
M,HGEGTFTSDLSKQMEEEAVRLFMEPLKNGGPSSGAPPPS,1
M,HGERTFTSDLSKQMEEEAVRLFIEWLYNGGVSSGAPPPS,1
M,HGEGTFTSDLPKWMLEEAVRLFIEWLKNGIPSSGAPPPS,-1
M,HGEPTFTSDLSFQMEEEAVRLFIEWLKNGGPSSGAPPPS,1
M,HGEGTFTSDKFKQMEEEAVRLFIEGLKNGGPSPGARPPS,-1
M,MGEGLFTSDLSKQMEEEAVRHFIEWLKNGGESSGAPPTS,-1
M,HGEGTFTNDLSKQMEEEAVRLFIEWLKSGGPSSGAPPPS,-1
M,HAEQTFTSDLSRQMEEEAVRLFIEWLYNGGPSSGATPPS,1
M,HTEGTDTSDLSKQMEEEAVRLFIEWLKNGGPSKGAPPPS,1
M,EGEGTFTSDLSKQMEEEAVRLFIEWLKNGGPSFDAPPPS,-1
M,HNEGTFTSDLSKKFEEEAVRPFIEPLKNGGPSSGAPPPS,1
M,HGEGTFTSDLSKQMEEEAVRLFCEWLKNGGPSSGAPPPS,-1
M,HGEGTFTSDLCKQMEEEAVRLFIEWLKNGGPSSGAPPPS,-1
M,HGEGTFTSDLSKQMEEMAVDLFIEWEKNGGPSSGYPPPS,1
M,HGEGTFTSDLSKTMEEEALRYFIEWLKNGGPCSGAPPPS,1
M,HCEGTNTSGLSKQKEEEAHSLFIEWLKNGGPSSGAPPPS,-1
M,HGEGTFTSDLSKQMEEEAVALFIEWLKNQGPSSGAPPPF,1
M,KGEGTFTSQLSKQMEEEMVRLFILWLKNGGPSSGAPPPS,1
M,HGEGTFTSDLHKQMEEEAVRLFIEWGKNGGPSSKTPPPS,-1
M,HGELNFTSDLSKQMEEEAVRLFIEALKNGGASSGAPPPS,-1
M,HGEGTFTSDLSMTMEEEAVRLNIEWLKNGGPGSGAPPPS,-1
M,HHEGTFTSDLSKQMEEEAKRLFIEWQKNGGTSSGAPPPF,1
M,HGEGTFTSDLSKQSEEWAVRLFIEWLKNGGPSSGAPPPS,1
M,HGEGTSFLDLSKQREEEACRLFIEWLKYGGPSSGAPPPS,1
M,HGEGTFTSDQSKQMEEWAVYLFPEWLKLGGPSSGAPLPS,-1
M,HGEGTFTSDLSKQMEEEAVRLFIEWLKNGWPSSGAPPPS,-1
M,HLEGPFTSDLSKQMEEEAWRLHIEWLKNGGPSSGAPMPS,-1
M,HGEGTFTSDLPKQMEETAVRLFIDWLKNGGPSSGAPPPS,1
M,HGEGAFTSCLSKQQEESAVRLFIEWLKNGGPSSGAPPPS,-1
M,HGERFFTSDLSKAMEEEAVRLFIEWMKNGGPSSGAPPPI,-1
M,HGEGTFTSDLSKQMEEEAVRLFIELAKNGGPSSGMPPPS,-1
M,HHEGTFTSDLSKQMEEEAVRLFIEFLKNGGPSSGAPPPS,-1
M,HGEGTFNSDISKQMEEEAVRLFIEWLKNGGPTSGAPPPS,-1
M,HSEGTFTSDWSKQMEEEAVRAFIEKLKNGGPSSGAPPDS,-1
M,HGEGTFTSDLGKQMEEEAVRLFVEWLKNGGLSSGAPGPS,-1
M,HGEGTFTSQLSKQMEEEDVRLFIEWLKNGGPSSGAPPPS,-1
M,HGEGTFTSDLFKRMEELAVRLFIWWLKNGGNGSGAPPPS,-1
M,HGEGTFTSDTSKWMEEEAVRLFIEWLKNGGPSSGDPPPS,1
M,HGEGTFTSDLSKQMEEEAATLFMEWLKNGGPSSGAPPPS,1
M,HGECTFTSDLSKQTEEEAVRLVILDLKNGGPSSGAPPHS,-1
M,HGEGTFTGDLSKQMEEMAVRKFIEWLKNGGPSSNAPDNS,-1
M,HGTGTFGSDLSKQMEEEAHRLDIEWLKKGGPSIGAPPPS,-1
M,HGEETFTSDLSKQMEEEAVWLFIEWLKNGGPGSGAPPPS,-1
M,HGEGRFTSDLSKQAEHEAVRLFIEWLKNGGPSSGAPPPS,-1
M,HGEGTFTSDLSAQMEEEYVRLFIEWLKNGGPSSGAPPPS,1
M,HGFGTFTSDLSKQMEEEAVRLFIEWLTNGGPASGAPPPS,-1
M,HGEGTFTSDLSKQMEGEAVHLFIEWLKNTGPSSGAPPPS,-1
M,HGEGTWTSDLSKQMETEAVQFFGEWLKNGGPSGGAPPPS,1
M,FGEGTFTSDLSKQMEEEAVRLFIEWLKNGGPSSGAPPPS,1
M,HGEGTFQSDLSKQMEESAVRLFSEWLKNGGPSSGAPPPS,-1
M,HGHGTFTSDLSKRMEEEAVRLFIEWLKNGGPSSGAVDPS,1
M,HGEGTFTSDRSKCMEEEAMRLLNEWLKMGGPLSGAPPPS,1
M,TGEGTFTSDLSKQMEEEAVRIFIEWLKNGGASSGAPPPV,1
M,HGEGTFTSDLSKQMELEEVRLFIEWLKNGGPSSGAPPPS,-1
M,HMEGTFTSDLLKQMEEEEVRLFIEWLKNGGPSSGAPGPS,-1
M,HGEGTWTSDLRKQHEEEAVRLFIEWLKNGGPSSGAPPPL,-1
M,HGCGTFTSDLSKQMEEEAVRLFIEWLKNGGPSSGIPPPS,1
M,HGEGGFTSDLSKQMEEEAVRLFIEWLKNGGPSSGAPPPS,1
M,VGEGFMTSDLSKIMEEEAVRLKIEWVKNGGPSSGAPPPS,-1
M,HGEGTFTSDLSYQMEEEAVRLFIEWLVNGGPSSGAPPPS,1
M,HGEGTFTIDLSKQMEEEAVRLFIEWLKNGGHSSGAPPPS,1
M,HGEGTFGSDLSKQMEEEAVRLFIEWLKNGGPSSGAPYPS,1
M,HGEGTFTVDLSKQMEEEAIRKQIWHLKDGGPSSGAPPPS,1
M,HGEGTFTSDLSAQMEEEAVRLFIEWLKNGPPSSGAPPPS,1
M,HHEGTATSMLSYQMEMEAVRLFIEWLKNGGPISGAPPPS,1
M,HNEGTFTSFLSKQMEEEAVRLEIEWLKNGGKSSILPPPS,1
M,HGEGTFTSDLQMQMEEEAVTTSIEWLKNGGPSSGAPPPS,-1
M,HGEPTFTSDLSKQMEECAVRLFIEWLKVGGPSSGYPPPS,1
M,HGEGTFTSDLSKQMEEEAVRLFIEWLKNTGPSSGAPPPS,1
M,HGEGTFTSDLSKQMEEEAVRLFINWLKNGGPSSGAPPPF,-1
M,HSEGTFTSDLSKQMWREAVRLFIEWLKNGGASKGAPPPS,1
M,HGEGTFTSDLSKQVEEEAVCLFIEWLKNGGPSSGDPHPS,-1
M,HGEGTFTSDLSKQMEEEAVRLFIEWLKNGGPSSGAPPPS,1
M,HGEGTFTSDLSKQMEEEAVRLFIEWLKNGRPSSGAPPPS,1
M,HGEKTFTSDMSKQMEEEAVWLFIEWLKNGGPSSGAPPPS,1
M,HGEGTFTSDLSKQMCKEAVRLFIEWLKNGGPSSGAPPPK,1
M,HGEHTFTSDLSKMMEEEAVRLFIEWLFKGGPISGAPPPS,1
M,HGEGTFTSDLSKQMEEEWVRLFIEWQKNIGPSSGAPPPS,1
M,HGEGGFTSDLCKLMEERAVRLFGEWLKNGGPSSGAPPPS,-1
M,HGEGTFTSDLSKHMEEEAVRLFIEWLINGGPSSGAPPPS,1
M,VGEMTFTLDLSKQMNEEAVRLFIEWLKGGYPSTGAPPPS,-1
M,HGEGTFTSDLSKQMEVEAVRLFIEWLKNGGPFKGAPPPS,-1
M,HGEGTFTSDLSKQMEEEAVRLFIEWLKNGGPSSGAPPPS,-1
M,HGEGTMTSDLSKQMEEEAPRLFIEWLKNGGPSSGAPPFS,-1
M,HDEGVFTSIFSKQMEEEFVRLFCEWLKNGNPSSIAPPPS,1
M,HGEGTFTSDLSKQMEEEAVRLFCCWLKNGGPSMGAHPES,-1
M,CGEGTFTSDLSKQMEESAVRLFIEWLKNGGPSSGAPPCS,-1
M,HQEGTFTSDQSKQMEEEMVRLFIEWLKNGGPSSGAPPPS,1
M,HGEGTFTSDLSKQMEEEAVRLFIEWLKVGGPSSGAPPPS,1
M,HGEGTFTSDLSKSCEEEAWRLFIEWLKNGGPSSGAPPPS,1
M,HGEGMFTSDVSIQMEEEQVSLFIVWLKNGGVSSGQPPPS,-1
M,HGEGTFTSDLSIQMEEEAVRLFIDWLKNGGTSWGAPPPS,1
M,HLEGTFTSDLSKQMEEEAVRLFIIWLKNGGPSSGAPFPS,-1
M,HGEGTFTSDLSKQMEEIAVRLFIEWIKNGGPLSGAPMPS,-1
M,HGEGTFTSDLSKQMEEEHVRLPIDWPKNGGPSFGAPPPT,1
M,HGEGTTTSDLSKRMEEEAVRLFIEWLNNGGPSSGAPPRS,1
M,HGEGTFTLDLSCQMLEEAVRLFIEWLKNGGPSSGAPPKS,1
M,HSEGTFTSDLSKQDEEEAVRLFIEWLKNGGPSSGQPPPS,1
M,YGEGTFTSDLSKQMQEEAVRLFIELLIQGGPNSGAPPPS,1
M,SGENTFTSDLSKQMEEEAVRLFIEWLKNGGPVSGRPPPS,-1
M,HGEATFTSDLSKSHEEEAVQLFIEWMKNGGPSSGAPPPS,1
M,HGEGTFTSVLSKQMEEEAVSLFICWLKNGGPSSGAPMPS,-1
M,HGEGTFTSDHSKQMEEEAVRLFIEWLKNGSPSSGAPPPS,-1
M,HGEGTFTSDLSCWMEQEAVRLFISWLKAEGPSSGATPPS,1
M,HGEGTFTSDLSKQMWEEAVRLWIEWLKNGGPSSQAPPPS,-1
M,HGEGTCLSDLSKQMGEEAVGLSIEWLKNGGPASGADQPS,-1
M,EGEGTFTSDLSKQMEEEAVRNFIEWLKNGGPSSGAPGPS,1
M,HGEGTFTSDLSKQMEEEAVRLFIEWLKNGGPSSGYPPPS,1
M,FGEGTFHSDLSKQMEEEAVRLFLEWLKNNGPSSGAPPPS,-1
M,MGEGTFTSDESCQMPEEAKRLFIECLKNGGPSSGAPPPH,1
M,HGEGTFTSDLSKQMEEEAVRLFTEWLKNGGPSSGAPPPS,-1
M,HGEGTFTSDLSKQMEPEAVRLFIEWLKNGGPSSGAPPPS,-1
M,HGEGTFTSDLSKQMEEEAVRLFIEWLKNDGGSSGAPPPS,1
M,HGEGTFTSDLEKLAAEEAVRLFIQWLKLGGPSSHAPPPS,-1
M,HGEGEFGSDLSLQMEEEAVRLFIEWLKNGGPSSGAPPPS,-1
M,HGEPTFTSDLSKQMEEDARRLFIEWLKNGGPASKAPPEM,-1
M,HGEGTFTKDLTKQMWEEAVILFIEWLLNGGPSSGAPKPS,-1
M,HGEGTFTSDTSKQMEREAVRRIITWLKNGGPSSGAPPPS,-1
M,HGEGTFISDLSKQMEEEAVRLFIEWLMNGGPSCGAPPPS,1
M,HGEVTFTSDLLKQMDEEAVRLFIEWLGNGGPHSGAPPPY,1
M,HGEGTFTSDLSKCMESEAVRLFIELLKNYGPSSFAPPPS,-1
M,HGEGTFQSDLSKQMECEAVRLFIEHRYNGFPSSGAPPPS,1
M,HGELTFTSDLSKQEEEEAVRLFIEWGKNGIPRSGAPPPS,-1
M,HGEGTFTSDLSKQMEEEAVRLFIEWLKNGGPSSGAPPPS,1
M,HGEGTFTSDLSKQIETEAVRLFIEGLKNGGESSNAPPPS,1
M,HGEGMFTHDLSKQMEEFAVRLFQEWLKNGGPSSGAPPPS,1
M,HGEGTFTSDLSGQMEEPEVRLFIEWRKKGGPSSGAPPPS,-1
M,HGEGTFTSDLSKQMEEEAERLFIEWNKNGGPSSWDPPPS,-1
M,HGEGTFTSDLSKQMEEEAVRLFIEWLKNGGPSSGAPPPS,-1
M,HGHGFFYSDLSKSMEEEAVRLFIEWKKNGGPSPGKRPPS,1
M,HGEGTWTSDLSKQMEEEAVRLFIEWLKNGGPSSEAPPPS,-1
M,HGEGTFTSDLSKQMEEEPVRLFTEWLKTGGPSSGAPPPS,-1
M,HAEGTFTSDRCKQMLEEAVLLFIEWLKNGVPFSGAPPPS,-1
M,HGESTFTSDLSKQMEEEAVRLFIKWLKNGGPSSGAPPCW,1
M,HGEDTFTSNLVKQMEEEWNLLFIEWLKFGGPSSGSPPPS,1
M,FGEGTFTCDLSKQMEEEAVRLFIEWLKNGGPSSGAPPPS,1
M,HGEYTFTSDLSCQMEEEAVRLFIAWLKNGGPSSGAPPPS,1
M,HGEGTFDSDLSKQMEEEASRLFIEPLKNGGPSSGAPPPS,-1
M,HGEGTFTSDLSKQMEEEAVRLFDEWQKRGGYSSGAPLPS,1
M,HGEHTFTSDLSKQGEEEAVRLVIEWLKNWGPSSGAPPPS,-1
M,HGEGTFTSDLSKQMEECAVRLFIEWHKNGGPSSGAPPPS,1
M,HGEGTVTSDASKQMEEEAVRLRIEWVKNGGPSSGAPLPS,-1
M,HGEGHFTIDLSKQWEEEAVRLFIEWLKNGGPSSGAPPPS,-1
M,QGEGTFTSDLSWKMEEEAVRLFIESLKNGGSSSGAPPPE,-1
M,HGNGTFTEDLSKQMKHEAVRLFIEWLKNGGPSSGAPPPS,1
M,HGEGTFTSDLSKQMEEEQVRLFTYWLKNGGPSSGAPPPS,-1
M,HGEGTFTSHLSKQMEGEAVRLCHEMLKNGGPSSRAQPPS,-1
M,RGEGTFRHDLSKQMEEESPRYFIEWLKNGGPKSGAPPPS,-1
M,HGEGTFTSDNSKQMEEEAVRLFIEWLKNGGPSSGAEGPS,1
M,HGELTFTSGLSKQMENEAVRLFIEWLKNGGPSSGAPPPS,1
M,HGEGTFTSDNSKQMEEEAVRLFIEWLKNGGPESGADIPS,1
M,HGEDTFTSDLSKQMEEEAVRLCIENLKNGGPSSGRPPPS,-1
M,HDEGTFTSDMSKQFEEEAVRLFIEWLKNGGPSSGAPPPF,1
M,HGAGTFTSDLSKFMEEEAVRLFIEWLKNGGPVSGAPYPS,1
M,NGEGTFTSDLSKQEGEEAVRLFIEWLKNGGPSSGNPPPS,-1
M,HGEGTFTSDLSKRMEEEAVRLFIKWLKNGWPSSGAPPPS,-1
M,PGEGTFTPDLSKQMEEEAVRLFIEWLLNGGPSSGAPPFS,-1
M,HHEGTFTSDLSKQVEEEAVRLRIEWLKNEGPSSGAPEPS,-1
M,HGEGTFASDLSKQMEEEAVRLFIEWLKCGGHSSGGPPPS,-1
M,HYEGTFTSCLSKQMEEECVRLFYEWLKNGGPSIGAPPPS,1
M,HGNGTDISDLSKQMEEEADRLFSEWLKNGGPDSGAPPPS,1
M,HDEGTFTSDLTKQMEEEAVGLFQEWLKNSGPSSGPPPPS,-1
M,HGEGTFTSDLSKQMEEVAVRRFYEWLKNRGPSSLAPPPS,-1
M,HGEGTFTSDLSKYMEEEAQDLFIEWLKNGGPGSGAPPPS,1
M,HGEGTFTSDLSKQMEEDAVRLFIEWLKNGGPSSGAHPPS,-1
M,HGEGKFTSDLSKQMEERAVRLFWEWLKNGGPSSFAPPPS,1
M,HGEGTFESDLSHQMEEEAVRLFIEWLKNGGPSSGAPPPS,-1
M,HGEGTFTSDDSKQMEEEAVRLFIECLKNGGPSSHAPPPS,1
M,HGEGTFTSDLSKQMEEEMVRAFIEWLKNGSPSSGAPPPS,1
M,HGEGTFTSILSKQMEEEAVRLFIEWLKNGGISMSAPPPT,1
M,HQEGTFTSDLSKQMEEEAVRGIKEFLKNGRPSHGAPPPC,1
M,HGEGTFRSDLSCEMEEEAVELCIKWLKNGGPSSWAPPPS,-1
M,HGEDTFTSDLSKYMEEEAVRLFIEWHKNGGPSSCAPMPS,1
M,HGGYRFTSDLSKQMEEEAVRLFIEWLKNGGPHSTAPPPS,1
M,HGEGTFTSDLSQQMEFEAVRLFIETLKNGGPSSGAPPPS,-1
M,HGKGTFYSDLSKQMRIEAVRLFISWVKNMGPSSGAPPPS,-1
M,HGEWTFTSDLSKQFEEEAVRLFIEWLKNGGHHNGAPPPS,1
M,HGEGTFTSDLSKQNEEEAVRFFIEWTKNGGPQSAAPPPS,-1
M,HGEGTFTSDQSKQMEEEAVRLKIEWNKNGCPSSGAPPPS,1
M,HGEGTFFSDLSKQLEEEAVRNFIEWLKNGGPSGGNPPPK,-1
M,HGEWTFTSDLSKQMEEEAVRLMIELLKNGGPSGGWPPPS,-1
M,HCEGTKTSDLSKQMEEEAVRLFIEWMKNGGPSSGAPPPS,-1
M,HGEWTQTSDLQKQMEEEAVPLFIEWLQNGGPSSGAPPPP,-1
M,HSEATFTSDLEKQMEEEAKRLFINWLKNGGPSSGAPPPV,1
M,HGEGTFTSDLSKQMEEEAVRLFIEWLKNGGPSSLAPPPS,-1
M,HGEWTFTSQLSKQMEEEAVRLFIEILYNGGPSSGAGPPS,-1
M,HGEGTFTWDLSKQMEEEPVRPFIEKLKIGGPSSGAPPTS,-1
M,AGEGTFTSQLSKQMEEEAVRLFIEWLKNGGPSSPAPPNA,-1
M,HGEGTFSSDLSKRMEEEAVKRFIEWLKNGGRSSGGPPDS,-1
M,HGWGTFTSDLPKQMIEEAVRKFIEWLKNGGPASGAIPSS,-1
M,HGENTFTSDLSKQEEEEAVRLSIEWLKNGGFSSGAPPPS,1
M,DGEGTFTSDLSKQMEEEAVRLFIEWLKNGGMSSGAPPKS,1
M,HGEGTFTSILSKQMEEEAVRLFIEWLTNGGPSSGAPPPS,-1
M,HGEPTFTSDLSKQMEETAVRLMIEWLKKGGPSSFAPPPS,1
M,HGEGCFTSDLSFQMEEEDVRLFCEWLKAGGPSSGAPTPS,-1
M,WGEYTFTSDLSKQYEEEAVRNFIEWLKNGGPSSGAPEPS,-1
M,HGEGTFTSDLSRQMEEWAVRLFIEILKNGGNSKGAPPPS,1
M,HGEGAFTSDLSKQMEEEAVRLFIEWLKNGGPSSGAPPPS,1
M,HGEGTFTSDLSKCMEEEAVRLFIEWLKNGGPSSGAPGPS,1
M,HGEGTFTSDLSKQMIEEDVRLTIEWLKNGGPSSGAPPPS,1
M,HGEGTFTSDLSKQMEEEAVRCFIMWLKNGGPSSGAPPPS,1
M,HGEGTHTSDLSLQMKELAVRHFSEWLKNGGPSHGRPPPS,-1
M,HGEGTFTSDLSKHVEEIAVRAFIEWLSNGGPSSAAPPPS,-1
M,HGEGTFTSDLSKQMKEEAVRLFIEWLKNTGPSQGAPPPS,1
M,HGEGTFTSDNSKQMEEEAVRLWIEWLKNEGPSSGAPVPS,1
M,HGEGTFDMDLSKLMEGEAVILFISWLKNGGPSSGAPPPS,-1
M,HGEGTFTSDLSKQMEEEAVRLFIIWLKNAYESVGAPPPS,-1
M,HGELTFTSDLSKQMLDEEVRLFIEWLKYGGPSSGAPPPS,-1
M,HGEGTFTSDLSKQMELEAVRLFIVWLKNGGPSSGAPPCS,-1
M,HGEGTFTSQLSKQMEEEAVRLFIEWLKNGGPTSGAPPPS,1
M,YGEGTFTQDLLKQMEEEAHRLFIEWLKNGGPSSGAPPPN,-1
M,HGEKTFTSDLSKQMEGEAVRLFIEWLKPWGPSSGAPIPS,-1
M,HGEGIFTSDLSKPMTEEAVRLFTEWLKNGGPSSGAPPPS,-1
M,HGEGTFTSDLSKDAEEEWVRLFIEWLKNGGPSYGEPPPS,-1
M,HGEGTFTSDLSKQMPEEAVRLFIERLKNGGPSSGAPPPS,1
M,HWEGTFTSDLSKQMEEEAVRLFIEWLKNYKPQSEAPPPS,-1
M,HGEGTFTSDLSKQMEEEAVRLFIEVLKWGGPSSGAPPPS,-1
M,HGAGFFTSDLSKQMEEEAVRLFIEWLKNGGPSSGAPPPS,-1
M,AGEGTFTSVLSKQMEEEAKRLFIEWLHNFGPSSGAWPPS,1
M,HGEGTFTSWLSKQMEEEAVRLFIEWLKNGGPSSGHPPPS,-1
M,HCEGTFTSFLSSQMEEEDVRLFIHWLKNGGPSVGAPPPS,1
M,HGECTFTSDLYKQMEEEVVRLFIDWLKTGGPSKGAPPPY,1
M,HGEGTFTSDSSFQMEEEAVRLFIEWLKNGGPSSGLPPPS,1
M,HGFGTFTEDLSKQTESEAVRLFIEWLKNGGPSSGAPPPS,1
M,HQEGTFTSDLSKQMEEEAVRLFIEPLSNSGPSSGAPPPS,-1
M,FGLGTFTNELSKQMEEEAVRLFIEWLKNGGPSSGAPPPS,-1
M,FFENTNTSDLSKQMDEEAVELFIEWLKNGIPSSGAGPPS,-1
M,HGEGTFTSDLSKQMEQEAVRLFSEWLKNGGPSSGAPPHS,1
M,HKEGTFTSDLSKQAEEEIVRLFIEWPKNGGPSSGAPPPS,-1
M,HGEGTFTSDLSKQMEEEHVRLFIEWLKHGGPSSGAPPPQ,1
M,HPYGTFCTDLSYQMEEEAVRLFIWWLKNGKPHSGAPPPS,1
M,HGEGPITSDMSKQMEEYAVRFFIEWLKDGGPSSGAPPPA,1
M,HGEGTFTSDGSKQMEEEAVRLFIEWHKNGGPSSYAPPPS,-1
M,HGEGTFTWDLSKQMEEEAVRLFIEWLGQGGPSSGAPPLS,1
M,DGEGTFTSDLSKQMEQEAFRLFIEMLKNGGKRSGAPPPQ,1
M,HGEGTFTSDLSKQMEEEAVRLFIEWLINGGASSLAHPPC,-1
M,HGEGTFTSDLSKQMEEIAVTLFIEWLKNGGPSSGAPPPS,-1
M,HGEGTFTSDLSKQMEEEAVRLFIEWLKNGGPSSGAPPPS,1
M,RVESTFTSDLSKQMKEERARLFSEWQKNGGPSEGAPPPS,1
M,HGEGTFTSDLSLQMKEEAVRLFIEWWKNGVPSSGAPPPS,1
M,HGEGAFTSDLSKQMEEEAVRWHIEWLKNGGPSSGAPPPS,-1
M,HGPGTSTSDLSKQMEEEAVRLFQEWLKNGGPSSGAPPPW,1
M,HGEGTFTSDLSKQMEEEAVRLFIEWLKNGGPSSGAPPPS,-1
M,HGEGTFTADLSKQMEEEAVRIFIEWLKAGGPSSGAPPPS,1
M,HGEGTFTSDLSKQMEEEAVRLFIEWLKNGGPLSLAPPPS,1
M,HGEGTFTSDLSKQMEWEAGRFFIEWLMNRGPSSGQPPPS,-1
M,HGEGTFTSDLYKQMEEEAVRLFIWWLKNGGPSSGFPPPS,1
M,HGEGDFTSELSFQMEEEAVRLFIEWLKNGGPSSGAPWPS,-1
M,EGEGTFTSDLSKQMEEEAVRLFIEWLKNGGPSSGAPGPS,-1
M,HGEGTFTSDLSKQMEEEAVVLFIEQLKNGGPSWGAPPPP,-1
M,HGEGTFTSDLSKQMEEEAVRLFIEWLKNGGASSGAPPPS,1
M,HGEGTFTSDLSKQMEEEAVFLFIEWLKKGCPSWGAPKPS,-1
M,HAEKTFTSDLSKQMEEEASRLFICWEKCGGPSSLGPPPS,1
M,HGEGTFTSWLSKPMEEGAVRLFDEWQKNGGPSSGAPPPS,-1
M,HGPGTFTCDLSKQMEEAAVRLFIEWLRNGGPSSGAPPPS,1
M,HGEGTFTSDLSKQMEEEAVRLFIEVLKNGGPSSGAPPPS,1
M,HGEGTFWSDLSKQMEEEAVRLFIEWLYNAGPSSGAPPPS,-1
M,HGEGTFKSDLSKQMEDEAVRLFIEWLKNPGPSQGAPPPS,1
M,HGCGTFTSGLSKQMEEEAVRLFIEWLYNGGPSIGAPPES,-1
M,HGEVWFSSDLSKQVEEEAVRLFIEWLKPGQPSSGAPPPS,-1
M,HGEGHFTSTLSKQQEEEYVRLFIEWEKNGGPSSGQPPPS,-1
M,HGLGTFTSDLSKQYEEEAVILDIEWLKNGGPSSGAPPPS,-1
M,VEEWTFTSDLSKQMESEAVRLFIEWMKNKGPSSGAPPPS,1
M,HGEGTFISDLSKQMEEEAVRLFIEWLKNFGPVSGSPPPS,-1
M,HGERTFTSFLSKQMEEEAVRLFHEWLKNGGPSSCAPPPS,-1
M,HGYGTFTSDLSKQNEEEAVRLFIEWLKNGKPSSGAPPPS,1
M,HGEGTYTSDLSKQMEEEPVRLKIEWLKNGGDSSCAPPPS,1
M,HGEGTFTSDLSKTMEEEAVRLRIEWLKNGGESSGAPPPS,1
M,SGEGTCTSDLSKHMEEEAVRLFIEWLKNGGPSSDAPPPN,-1
M,HGEGTVESDLSKQMLEEAVRLFIVWLKNGGPSSGAPPPS,1
M,HGEGTFTSDLSKQMEEEAVWLFIAWLKNGGPSSGAPPPP,1
M,HGEGTFTSDLSKQMEEEAVRLFIEWLKNGFPSSGAPPPS,-1
M,HGEGTFTSDLSKQYREEAVRLFYEWLQRDVPSSGAVPPS,-1
M,HGEGTFTSDLSAQMEEEAVRLFICWLKNGGPESGAPPPS,1
M,TSEGTFTSDLSKQMSESAQRLAIEWLKNGGPSSGLPPPS,-1
M,HGEGTFASDLTKQWECEAVRLFIEWHKNGGWSSMAPPPH,-1
M,HGHGTFTSDMSMPMEEEAVRLFIASLKNGGPSSGAPPPS,1
M,HGEGTFTSDLSKQMEMEAVRLFIAWLKNGGPSSGAYPPT,1
M,HGEGTFTSDAQKQEEEEAVALRIEWLKNGGPSSGAPPPS,-1
M,HQEETWTSDLSKQMLEEAVRLFLEWLKNGGPSSGAPPPS,1
M,HGEGMFTSDLSKQMEEECVRLFFTWLKNGGDSSGRPPPS,1
M,HGMITFTSDLYKQMEEEADRLFIEWLKNGGPMSGAMPPS,-1
M,HGEGTFTSDLSKQMYEERVRAFIEWLKNGGPSSGAPPPS,1
M,HGEGTFTSDLVKQMEEEAVRTFIEWLKNMGPSSNAPPPS,1
M,HGEGTHTSYLSKQMEEEAVRLFIEWLKNGGPSRGAPCPS,-1
M,HGEGPFTSDLSKQMEEEAVRLFIEWLKNGGPSSHAPPPS,1
M,HGEGTFTSDMSKQMEEEAVRCFIEWLKNGGPTSGAPPPS,-1
M,HGIGTFTSDLSKQMEEEAVRHFIEWLKNGGPSSGAPPPS,-1
M,HGEGTFASDLSKQLEEEAVRLFIEWLKNGGPSSGAPPRS,-1
M,HGEGTFYSDLSKQMEEEAVRLFIEKLKNLGPSVGAPPPS,1
M,HGEGTRTSDLYKQMEEEAFRLFISWGGNGGPSSGAPPPS,1
M,HGEGTFTSDLSKQMLEEAVRLFICWLKNGGPSSGAPPPS,1
M,HGEGTFCSVLNKQTENEANRLFIEILKNGGPSSGAIPPS,1
M,HGEGWFTSDLSKQMEEEAVRLFIEWLKGGGPSSIAPLPS,1
M,HGPGTFTSDLSKQMEEEMVRYFIEGLKNGGHSSGAPPPS,1
M,HSECTFTSDLSKQMEEEQVRLFIEWLTNGGPSSGDPPPS,-1
M,HGEGTFTSDVSKQMEEEAVRLFIEWLKNGGPSSGAPPPS,-1
M,HGEGTFQSDDPLQDEEEAVRLFIEWLKKQGFSSKAPPPS,1
M,HGEPTFTSDLSVQMEEEAVRLFIEWLKNGGPNSGAPPPS,1
M,HHEGTFTSDLSKQMEEEAVREFIEGCKNGGPSSGAMPPS,-1
M,HGKQTFTSDLSKTMEEEAVVLFIEWFKNGGPESGAPPPS,1
M,HGEGTFTSDLSKQMEECAVRLFIEWLKNGGPSSGAPPPS,1
M,HGELTFTSDLSKQMEEEAVRLFIEWLKNGCPSSGAPPPS,1
M,HGEGTFTSDLSKQMEPEAVRLSIEWLKNGQPSACAPPPS,-1
M,HGEMTFVSDLSKQMFEEAVRLFIEPLKNGGPSSGAPPPA,-1
M,HGEGTFWEDLSGQMEEEAVRLFPEWLKNGGPTSGAPAYS,1
M,HGEGTFTSDLSYQMEEEAVRLFIKWLKGGGPSSGAPPPS,-1
M,HGEGTFNSDLSKQMEEEAVRLFIEWLKKGGPSSVEPPPS,1
M,HREGTFTSDLSKQMEEEAVRLFIEWLTNGGPSNGASPPS,1
M,HIEGTFTSDLSKQMEEEAVRLFIEWLKNGPPSSGIPPPS,-1
M,HGEGYYTSDLSKQMEAEAVRLFIEWLKNGGPSSGAPPPS,1
M,HGEGTFTSDLSKQMEEEAPRLFIELFKNGGPSSGAPPWS,1
M,HGEGTFTSDLSKQMWMEAVLLFIEWLKNTGPSSGAPPPS,-1
M,HGEGTFTSQLSKQLEEEACRLFIEWLKNGGPSSGAPPPS,1
M,HGEGTFTSDLSKQMPEEAVRLFIEWLKNGGPGEGAPPLS,-1
M,HGYGTYTWDLSKQMEEEAVRLFIEWLKNGGGSSGAPPPS,-1
M,HGEGIFTSDLSKQMENEAVRLFINWLKNAGPSSCAPPPS,1
M,HGEGTFTSDLSKHMEEEAVRLFIEWLKNGGPSSGLPPPS,-1
M,HGEGTFTSDLSKQMEEEAVRLFIEWLKNGGPSSGACPPS,-1
M,HGENTFTSDLSKQMEEEWVRVYIEWLKSGTPSSGCPKPS,1
M,HGQATFTSDLSKQMEEVAARLFIEWLKNSGISSGAPPPS,1
M,HGEGPTTSALSKQMEEEATRLFIYWLKNMGPSSGAPPPS,1
M,HGEGTFTSDQSKKMEEEFVPLFIEWLKNGGPSWGAPPPS,-1
M,HGEGTTTSDLSKQMEGEAVRLFIEWLKNGGASSGAPPPS,1
M,HGEGTATQDLSKQMEEEAVRLLIEWLKNGGLSSGAPRPS,1
M,HGEGTVTSDLSEQNEEETVRLFIEWLKNGGPLSGAKPPS,-1
M,HGEGTFKVDLSKQMEEEAVRLFIMWLNNGGPSSGAPPPS,1
M,HGEGTFTSDLRKAMLGEAVRLFIAVLKNGGPSSGAPPPS,-1
M,HGEGTFLSDYSKQMEEEAVRLFYEWAKNGGRSSGAPPPS,1
M,HGEGTFTSDLSKQMEIEAVRLFIEWLKNGGPSSGAPPPS,-1
M,HGEGTFLSDLSKDMEEEANRLFIEWLKNGGPSSGAPPPS,-1
M,HGEITFTSDLSKQMEEEAVRLFIEWLKNGGPSSGAPPPS,1
M,HGEGTFTRDLSKQMEEEAVRLFIEWLKNGGPMSGAPPDS,1
M,HGEITFTSDLMKQMIEEAVRLFMEFLKNGGPSSGARQPS,-1
M,HGEGTFTSDLSKQMEEEIVRKFIEWLKNGGPSSDAPPPL,-1
M,HGEGTFTSDLSKQMEEEAVRLFIEWLKNGGPSSGAPCPS,-1
M,HGKGTFTSDLSKQMEEEDVRLFIEWLKNGGPSSGAPVKS,-1
M,HGEGTHTSDLSKQMFEEAWRLFIEWLKNGGPSSGAPPPS,-1
M,HGEGTFTSDLSKQMGEEAVRLFIEWLKNGAPSSGAPPPN,-1
M,HGEGTFTSSLSKQMEEGAVRLVNEWLKNGGPSSGAPHPI,1
M,HGEGTFTSDVSKQYHEEAVRLFIEWLDNGGPSSGARPPS,1
M,HGEGTFTSSLSKQMEEEAVRLFIEWLKNGTPSSGATFPS,1
M,HGEGTFASDLSKQMEEEAVRLFIEWLKNGGESSGAPPPS,1
M,FGEGTFTYDLGKQMEEEAVRLFIEWLKNGGPSSGQPPPS,1
M,HGEGTFTSDLSKQMEEEALRLFIEWLKNGGPSPGAPPPS,-1
M,WGEGTFTSDLSKQMEEEAVRLLILWLKNGGPSSGAPPPS,-1
M,HGEWTFTSDLSKQMEAEAVRLFIEWLKNGGPSSGAPPPS,-1
M,HKEGTFTSDLSKQMEEEAVRLFIEWLINGGPSSVPPPPS,1
M,HGEGTFTYPLSKQMEEEDVRLFIEECKNGHPSSGAPPPS,-1
M,HGEGTFTSDLSKQMEEEAVRWFTEWLKNGGPSSGAPPPS,-1
M,HGEGTFFSDLSKQMEEEAVRLFIEILKAGGPSSGAPPPY,1
M,HGEGTFTSDLSKQMEEEAVRLFIEWLKNGGPSSGAPPQP,-1
M,HGEGWFTWDLSKQMEEEAVRLFIEWLKVGGPSSGAPPPS,-1
M,HGEGTFTSDLSKQMEEEPVRKCIDWLKNGGPSSGPPPPS,1
M,HGEGTFTSDLSKQMEEEAVRLFIEWLKLGGKSSGAPPPS,1
M,HGHGTFTSDLSKQMEEEAVRLFIEWLKNGGPSSGAPPPT,-1
M,HGEGTFTSDLSKQREESEVRLFIEWLKNGGPSSGFPPPS,1
M,HGEGTSTSDLSKQMEEEAVRLNIEWLCNGGPSSGAPPPS,-1
M,HGEGTDTSDLSKQNEEEAVRWFIEWLKNGGPSSRAPPFS,1
M,HGELTQTSTLSKQMEEEAVRLFIEWLKNKGPSSGAPPPS,-1
M,HGEGTWTSDLSKQMEEEAHRKFIEWLKIGGPSSGAPPPS,1
M,HGEHTFTSDLSKQMEEEAVRHFIVWLKNGGTSSSAPPPS,-1
M,HGEGTFTSDLSKQAEEEAVRLFIEWLKNGGPSSGAPPPS,1
M,HGEGTYTSDLRKAMAEEAVRLFIEWLCEGGPSSGAPPPS,-1
M,MAEGTFTSDLSKQMEEEAVRLFIEWLHWGGPSSHAPPPV,-1
M,HTEGTFTSDLSKGMECEAVRLFDEWLKNMSPSSGAPPQS,-1
M,HGCGTTTSDLSKQMEEEAVYLFCEWLKNGAPSSGYGPPS,1
M,HGEGIFTSDLSKQMEEEAVRLDIEWMKVGCPSSGAPPPS,-1
M,HGEGTFTSDLTKQWEEEAVRLFIEWLKWGGPSSGGPPPS,-1
M,HGEGTFTSDLSKQMENEAVRLFIEWLKNGGPSSGAPPPS,1
M,FGEGTFESDLSKQYEEEAYRLFIEWLKNGGPSSGAPPPS,1
M,TGEGTFASDLSKQMEEPAWRLFIEWLKNGGPSSGAPPPS,-1
M,HGEGTFTSDLAKQMEEEAVRLFIEWPKNGCWWSGAPKPS,1
M,HGEGTFTSDLSKQMEEENVRLFIEWDKNGGPSQGADPAS,1
M,HGEGTFTSDLSKQMGEKAVRLFIEWLKNGGPSMGAPPPS,1
M,HGEGLFTSCLSFQMEEEALRLFIEWIKNGGPSSGAPPPS,1
M,HGKGTFTSDLSKQMEEEAVRLFIEWTKRGGPSSGAMPPS,-1
M,HGWGTFHSDLSKQMEEEAVRLFIEWLKPGGPSSQAPPPD,1
M,HGTGTFTSDLSKASEEPAVRKFIEWLKNPGPGSGAPPPS,1
M,HGEGTFTSKWSKQMVEEAVRLFIEQLKNKGPSSGCPPPN,1
M,HGEGTFTFDLHKQMEEVAVRLFIEMLYNGGPSSGAPPPS,-1
M,HGEGTFQSDLSKQMEEEAVRLFIEWLKNGGPSSGWPPPS,-1
M,HGRGTFTSDLSKQHEEEAVILFICWLKPGGPSSGAPPPD,-1
M,HGEGTFTSDSSLQMEEEAVRYFIEWLKNGGPSSGAPPPS,-1
M,HGEQTFTSDLSTQMEEEAVRLFIEWLKNGGPSSGAPPPS,-1
M,HGEGTFTSDLSKHMEEEAVRLFIEWLKNGGPSSGAPPPS,1
M,HCEGTFTNDLSKQMEEENVRLVIEWLKRGFPDSIAPPPS,-1
M,HEEGTFTSDLSKQMEEKAVRLFIECLKNGGPSSVAPPPS,1
M,HGCGTFTSDLSKQMEEVAVRLFIEWLKNGGPSSGAPPQS,-1
M,HGEMTFTSDLSKQMEEEASRLFIEWQKNGGPSSGAPPPS,-1
M,HGEGTFHSDLSKQMEEEAVRLMGEWLKNGKPSSGAPPPY,-1
M,HYEITFWSDLSKMLEEEAVYLFIEWLKNGGPSSGAPIPS,-1
M,HGEGTFTSDLSKQMEEEAVRLFREWMKNGDPSSGAPPPS,1
M,HMEGTNTSDLSAQREEEAVWLFIPWLKNGDPSSGAPNPS,1
M,HTEGTFTSDLSKQMEEKKVRLLIEWLKNGGPCSGAPPPS,-1
M,HGEGTFTSDLSKRMEEEAVRLFIEWLKNGGPSSGIPPDS,-1
M,HGEGTFTSDLSDKMEEFGVRLFCEWLKNGGPSSGAPPPS,1
M,HGEGTFTSDDSKQMEYEAVRLFIEWLGNGGPSSGAIGPS,-1
M,HGEGTFTSDLSKQMEEEAVRLFIETLQNGGPSSGAPPPP,1
M,HGELFFTSDLSTQMEEEAVRLFIEWLKNGGPKSGAVPPS,-1
M,HNEGTRTEDLSKQMEEEVVRLFIESLKNGGPSSGAGPPS,1
M,HGEGTQTTDLSKQMEEEAVRLFLEKLKNGGPSSGAPPPS,1
M,HGEGTFTSDLSKQMEEEAVRLFIEWLKNGGPSSGEPPPS,-1
M,HGEGTFTSDLSKQMEEEAVRLFIEWLKDGGGSSGLPPPS,-1
M,HGEPTFTWDLSKQMEEEAVRLFIYWYKNGGVSSGAPYPS,-1
M,HGEGTFTSDLSEQMEEEAVRLFIEWLKNDGPSSGAPPPS,-1
M,HGIGTFTSDLSKQMEEEAVRLFIAWLKNGGPSSGAKPPS,-1
M,HGEHTFTNDLSKQMEEEASRLFIEWLKNGGPSSGAPPPS,1
M,HFEGTFTSDLSKQMEEEAVQLQIEWLKVGGPSSGAPPPS,1
M,HGDEVFCSDLSKQMEEEFVRAFIEWLKNIGPSAGAPPPL,1
M,HGEGTFTSDLSKAVEEAAVFLFIEGLKNGGVQSGAPPPS,-1
M,HGEGTFDSDLSKQMEEEAVRLFIEWLKNGGPSSGAPPPS,1
M,HGEGTFTSDLSKQMEEEAVRLFLEWLKNGGPSSGAPPPS,-1
M,HWEGTFTSDLSKQMEEEARRLFIEWLKNGGPSSGAPPPE,1
M,GGEGTFTSDLSKQMEEEAVTLVIEWCKNGGPSDGAMPPS,-1
M,HGEATFTSDLSKWMLEEAVRKFIEWLGNGGPSSGAPPPS,1
M,HGEGTPTSDLSKRMEEEAVQLFIEWYKNGGPSSGAMVPW,1
M,HGSGTFTSDLSKQMEEEAVRLFIEWLKNGGPSSGAPPPS,-1
M,HGEGTFTGDLSKQMEEEKVRLFIEWLKNGGPSSGFPPPS,1
M,HGEGTDTSELDKQMEEEAVRLFIEWLKLGGPSSGAPPPS,-1
M,HGEGTFTSDLSKQMEPEAVRLFIEWLKNGRPSSGAHPKS,-1
M,HGEGTFTSDLSKLYEEEAVRLFIEWLKNGGNSSGAPLPS,-1
M,HGEGTFTEDLSKQMEAEAVRLFIEWQKNGGPSSGAKPPS,-1
M,HGEGTFESDLSKQMTEEAVRLFIEWLKNGGPSSGAPQIS,1
M,HGEGTFTSDLSKVMEEEAVRLFGEWIVNGGPSSGAPPPS,1
M,HGQGTFTSDLSKQMEAEAVRLFIEWLINGPPSSGAPPPS,1
M,HGEGTFTSHLSKQMEEEAVRLFGEWLKNGGPSSGAPPPS,-1
M,HGEGTFQSDESKQMEEEAVRLFIEWLKNGGPSSGAPPWS,1
M,HGEGTFTSDLSKQQEEEAVRLFIEWLKNGFPSPGAPPKS,-1
M,HGEGTFTSDLSKQMEEFAVRLFIVWLKNGGPSSGAAPPS,-1
M,HGEGTFTSDLSKQMEETAVRLFIEWLRNGGPSSGAPIPS,1
M,HGEGTFTCDLSKQMEVEAVRLFIEWLKNGGPSSGAPPPS,1
M,HGEGTFTSDLSKQQEEEAVREFIEWLKNGGQSSGAPPPS,-1
M,HGEGTFTSDLSKQMEEEAVRLFIEWLKNGGPSSGAPPPS,-1
M,HGEGTFTSDLSQQMEEEAVRLRSEWLKNGGPSSGAPEPS,-1
M,HGDGTFTSDLSKQMEEEAVALFIEWLKNGGPSSGAMPPS,1
M,HGEGTFTQDLSKQMEMEAVRLFIEWLKSGGPSEGAPPPS,-1
M,HGEGTFTEWISKQQEEEAVRLFIEWLKNGGPSSGAPPPS,-1
M,HGTGTFTSLLSKQMEEEAVRLFIEWLKNGGPSDGAPPPP,-1
M,HGEGTFTSDWSKQKEEEAVRLFIEWLKNMGPSSDAPPPS,-1
M,HGEGTATSDLSKQMEEEAVRLFIEWLANGDPSSGAPPPS,1
M,HGLKTFKSDLSKQAEEEAVRLFGEWLKNGWPSSGACPPS,1
M,HGQGTFTSDCSKSMEEEAVRLFIEWLKNGGPSSGAPPPS,-1
M,HGEGTFTSDLSKQMSEEAVRLCIEWLKNGGPSSGAPPPS,-1
M,HGEGTFTSDLSKQMEEEAVRLFIEWLKNGGPSSGAPPPS,1
M,HGEKTFTHDLSKQMEEEAVRLFIEWLKNGMPSSGAPPPS,1
M,HGEGLFTSDLSKQMEEEAVRLFWESLKNHGPSSGAPPPS,-1
M,HFELTFTEDLSKQMEENAVRLFIEWLKFGGPSSGAPSPS,-1
M,HGEGPFMSDLSKQMEEEAVWLFIEWLKNGGPSSGAEPPS,-1
M,HGELTFTSDLSKQMEEEAVRLFIEWLKNGGPSKGAPPPS,1
M,HKEGTFTSDLSKQMEVEAVRLAIEWLKNGGPASGRPPPS,1
M,HGEGTFTSDLSKQMEEEAVRLFIEWLKNGGPSSLAPPPS,1
M,HGEGTFTSDLSKQMEEEAVRLFIPWPKNGGISSGAPPPS,1
M,HGEGVFTSDLSKQMEEEAVRLFIEWQKNGGPQSGAPPPS,1
M,HGEGKFTSDLSKQMEEEAVRLDIEWMKNGGPSSGAPPPS,1
M,HGEATFRSDNSKQMEEEAVRLFIEPLKNGGPSDGAPPPS,-1
M,HGEGTFTSTLPKQAEEEAVRLFIEWLPNGQPSSGAPPPS,1
M,MGEGHFTHDLSKQDELEAVRYFIFWAKNGGPSSGAPPNH,1
M,HGEGTFTSDLSKQSEEEAVRLFIEWQKNGQPSSGAPPPS,1
M,HGEGTFTSDLSTQMEEEAVRLFIEWLKNGGPQVGAPKPS,1
M,HGEGTLTNDLSKQTEEKAVRLFIEWLKNKGPSSGAEPPS,-1
M,HGIGQFACDLQHQMEEEFMRLKIEWLKNGGPSSGAPDPS,1
M,HGEGTFTSDLSKQMEEEAVRLFIEWLDNGGPSSGAPPPS,1
M,HGEGTFTYDLSKQMEEEAARLFIEWLKNGGPSSSAPRPS,-1
M,HVEGTFTSDKSKQMEEPAVRLFIYWLKNGGPSHGAPLPS,-1
M,HGEGTFTSDLSKQMEEQAVQLFIEWLKNGGPSSGFPPPS,1
M,VGEGRFTSDLSKYMEWDAVRYFIEWLKNGGPSSGAPPSC,1
M,HGEPTFTSDLYKNMEEEAPRLFISWLKNGGPSSGAPPPS,-1
M,HGEGTFTSDISKQMEEEAVRLEIEWLKEGGPSSGAPPPS,1
M,HGEGTFTSDLSKQMEEEAVRLGEEWLKNKGPIIGAPPPS,1
M,HGEGTFTSDLSKQMEEPAVRLFIERLKNGGPCSGEPPPS,1
M,HEEGTFTSSLSKQMEEEAVRLFIEWLKNGGPSSGMPPPV,-1
M,HLEGTFTSDLSKQMEPEAVRLFIEWLKNGGLSSGAPPPS,-1
M,HGRGNFTSDLSKQMEEEAVRLFIEWLKNGGPSSGAIPPS,1
M,HGEGTFTSDLSKQMEEEAVRLFIEWLKNGGPSHGAPPPS,-1
M,HGEGFFTSDGDKQMEQEAVRLFISWLKNGTPSSGAPPPQ,-1
M,HGEYTFTSDLSKQMYEEAVRLKIEWKKNGGPSSGAPPPS,1
M,HGEGTFTSSLSKQMEVEAKRLFIEWLKHGGPSSGAPPPS,-1
M,HGEAEFTSDLSKQDEEEAVRLFIEWLKNGGPSSGAPPPS,-1
M,EGYGTFTSDLSKQMECEAVRLFIEWLKNGGPSSGAPPPS,1
M,HGEGTFTQDLSKQMEEEAVRFFQLWLKNGGPSSGAPPPS,1
M,HGEGTFRSYLSKQMEEEAVRLFIEWLKNGGPSSYEPPPS,1
M,HREGTFTSDLSKQMEEEFVRLFIEWLKNGGPSSSDPPPE,-1
M,HGEGTFTSDLSKQMEEEWVRLQIEWLKNGGPSSGAPWPS,-1
M,HGEGTFTSDLSKQMEEEFVRLFIEWLKNGGPSSGAPPPS,-1
M,HGEGTFTSVLRKQMEEEAGRLFIEWLKNGGPSPGAPPPS,1
M,HGEGTFTSDLSKQWEEELVRLFIEALNNGGPSSGNPPPS,-1
M,HGPGTFTSDLSKQMEEEAIRLFIEWEKNGGPSSGAPFPS,1
M,NGELTFTSDLSKSLEEEAVRLFIGWLKNGGVSSGAPPPS,1
M,HGNGTFTSDLSKQMEESAVRLFIEWLKNGGPSSGAPPPS,1
M,HGEGTATSDLSKQMEEEAVRKLIEILKNWGPSSGAPPPS,-1
M,WGEGTCTSDLSKQMEEEAVRLFIEWLWNGGPSSGAPKPS,1
M,HGEGTFTSDLSKQMEEEKDRLFIEWLKNEGPSSGAPPPS,1
M,HGEGSFNSDLSKEMEEEAVRLFIEWLKNGGPSVGAPPPS,1
M,HGEGTFTSDLSKQMEQENVRLFIVWLKNGGPSSWAEPPE,-1
M,HAEGTFTSDLHKQMEEEAVRLFIEWLKNVQPSSGAPPPS,-1
M,HGEGTFTSDLSKQMEEEAVRLFIEWLKNGGPSSGAPHPS,-1
M,TGEGTDLSILSKQMEEEAVRLFIEWLKNGGPISGAPPRS,-1
M,HGEGTFTSDLFKQMEEEAVRLRIEWLGNGGPSSGAPPNS,-1
M,IGEGTVTSELSKDMQEEAVRLFIEWVKNGGPSSGAPPPS,-1
M,HLEGQFTSDLSKQKEEEAVRLFIEWLKNGGPSSGAPPPS,1
M,HGEWTFTSDLSKQMEQEQVRLFIEWLKNGGPSSGAPPPS,-1
M,VGEGTFTEDLSKQMKAEAVRRFIEWLKNGGPSWGPPPMS,1
M,GGEGFETSDLSKQYEEEAVRLFIEWLKEGGPSSGAPYPS,1
M,HGVGTFTSFLSKQMEEEAVRLFIEWLKNEGPSSGAPPPS,-1
M,HGEGTFTSDLSKQKEEEAVRLFIEWLKNGGPSSGAPPPS,1
M,IGEQTFTSDGAKQMEEEAVRLFIEWLKNGGWSSGAPPPS,1
M,HGEGTFTSDLSIQMEEEAVRLFIEWLKNGGPSSGRPPPS,-1
M,HGEGTFTSDLSKAMLEPAVRLFIEWLKNGGPSSGAPPPS,-1
M,HGEITFTSDLSKQMEEEAVRLGIEWLKVHHPSSGAPVPS,1
M,HGEGTFTSDLSKQMREEAVRLFIEWLKNGGPSSPAPPPS,1
M,HGEGTWTSDKSKQMEEEACRLFIEWLKNGGPSSGAPPPS,-1
M,HGEGTFTSDLSKQMEEEAVRLFIEWLKNGDPWSGAPPPS,-1
M,HGEGTFTSDLSKGMEEESVELFREWHKNGGPSSGAPPPS,1
M,HVEGTFLSDLSKQMEEEAVRLFIESLKNGTPSSGAPPHS,-1
M,HGEGTFTHDLLKQMEEEAVRLFIEWLKFGGPSSGAPPPS,-1
M,HGEFTFTSFLSKQMEEEAVRLFIEWLKNGGPSSGAPPPK,-1
M,HGEGTFTVDLSKQMEEEAVRLFIEWLKNGGPSSGPPPPS,1
M,HGEGTFTADLSKNMELEAVRLFDEWLKNGGPSSGAPPPS,-1
M,HGEYTFTSDLSKQMEEEAVRLFIEWLKNGGPSSGAFPPS,-1
M,HGEGTFHSDLSKQKEEEAVRLFIEWLKNGGPMVGAPPPS,1
M,HGLGTFTSDLSKQMEEWAVRLFIEWLKNGGPSSGAIPPS,-1
M,HGEGTFTSDLSKQMEYEVVRKFIEWLKNGGPSSGAPPDS,1
M,HGEGTFSSDLSKQMEEENARLFREWLKNGGPSSGAPPPS,1
M,HGEGTFTSDLSKQMEEEAVRLFIEWLKNGGPSSGAPPPS,1
M,LGEGTFASDLSKQMEEEDVRLFIEWHKPTNPSSGANPPS,-1
M,HGEGTFWSDLSKQMQEEAWRQFNEWLKNGGPSSGAPPPS,1
M,HGEGTFTHDLSKQMEEEAVALFIEWLKNGGPPSGAPPPS,-1
M,HGEGTFTSDLSKQMEEEAVRLFIEWLHNGGPSSWAPPPF,-1
M,HGAGTFTSDLSKQKEEEAVHLFIEWLKNGGPSSGAPQPS,-1
M,HGEGDFTSDLSKQMEEEAVILKIEWLKNGWLSSGAPPPS,-1
M,HGEGEFTSDLSKQMDLEAVRLFIEQTKNGDPSSGAPPPR,1
M,HGEGTFTSDLSKQMEEEAVRLFIEWLKNGGPSSGYPPPS,-1
M,HGEGTFTYDLSKQIEEGCVRLFIEWLKYGGPSSGAPPPS,1
M,HGEGTFTSDLGKQMEEEAVRLVIEWLKNGGPSSGAPDPS,-1
M,HWEGTFTEDLSKQMEEEAVRLFIEWLKNGGPSSGAPPPS,-1
M,TGEGTFTSDLSKQMEAEAVHLFIEWTKNGGPSKGAPPPS,-1
M,HGEGTPTSDLLKQMEEEAVRLFIEWLKNGGPSSGAWPPS,-1
M,HGEGTFTSDLSKQMEEEAVRLFIEWLKNGGPSSGAPPPS,1
M,HGEGTYTSDNSKQMEEEAVRLFIEWVKNMGPSSGAPPPS,-1
M,HGEGTFTSDLSHQMEHEAVRLFIEWLKNGGPSSGAHPYS,1
M,HPECTFTSDLSMQMEMEAVRLFIYWLKNGAPSSGAPPPS,1
M,HGEGNFTSDLSKQMEEEAVRLFIEWLKNGGPSSGAPPPS,1
M,HGEGTFTSDLSKQMEAEAVRLFIEWLKNGGPQSDAPPPS,1
M,HGEGYFTSVLAKQMEEEAVRLFIEWLFNGGVSSGLFPPS,-1
M,HGEGTFVSDHSGNYEEEAVRFFIRWLKNGGPSHGAPPPS,1
M,HGEGTMTSDYSKQMAEEAVRLFIEWLKNGGWSSGMPPPS,-1
M,HVEGYFTSDLSCQMEEEAVRLFIEWLKNGGPSSGAPPPS,-1
M,HGEGTFMSDLSKQMNEEAVRLFIEWLKNFGPSSGAPPPS,-1
M,HGEGTFTSDLSKQMVEEAVRLDIEWWKNGKPSSGAPPPS,1
M,HGEGTFTSDLSKQMEEEAVRLFIEWLKNGGPSGGAPPPS,-1
M,HGEGTETTSLSKQMEEEAVWLFIEWLKNGVPSSGAPTPS,1
M,HGEGTLTSDLSKQEEEEAVRLFIEWLKNGGPSSGAVPPS,1
M,HGEGTFTSDLEKQMEEEAVRLFIEWLKNGGFSSGAPPPS,1
M,TGEGTFTSDLSKQMEEEAVRLFKEWLKNGGPSSGAPPPA,-1
M,HGEGTFTSALSWQMEENDVRLFIEWYKNGGPSSGAPPPD,-1
M,HGEGSFTHDLSKQMEEELVRLIIEEHKNGGPSSGAPPPS,1
M,HGEGTFTSDLSKQMEEEAVMLFIEWLKNGGPSSGAPPPS,-1
M,AGEGTFTNDLSKQGEEEAPRLFIEWLKYGGPSSGAPRPS,-1
M,HGEGTFTSDLSKQMEKEACRLFIEWLKNAGPSSGDVPPS,1
M,HGEGTFWSDDSKQRQEEAVRLFIEWLKNGGCSSGAPPPS,1
M,HGEGTFTSALSKQMEEMAVRLKIEWLKNGGPSSGATPPS,1
M,HGETTFTSDLSKQKESEQVRLWIEWLKNGGPSYGALPPS,-1
M,HGEGTFCSDLSKQMEEECVRLFIEWLENGGPSSGAPPPS,-1
M,HHEGTFTSNLSKQMEEEAVRLFIESKGNGGPSSGAPPPS,-1
M,HGEETFTSDLSKQMEEEAVRLFIEWLKNGETYSGAPPGS,1
M,HGGGEFTSDLSKQMWFEAVRLFIEWLKNGGPSSGAPDPS,-1
M,HGEGDFTSDLSKQMEEEMVRMFIEWHKNGKPSSGFPPPS,1
M,HGYGTFTSDLSKQMEEERVRLSIEWLKNQGPHSGAPPPS,-1
M,HGEGTFTSDLSKQMEEMAVRLFIEWLKNGGPSSGAPPPS,-1
M,HGEGTFTSDLSKEMEEEAGRLFIEWWKNGGPSSGAPPPS,1
M,NGEGTFTSDTSKQMEEEAVRLFIEWLKNGGPRSGAPPPS,-1
M,HGEGTFTSDLSKQMEEEAVRLFIEWLKNGGPSSGAPPPS,1
M,HGEGTHTSDLNLQMEEEAKMLFIEWLKNGGPSSGAPPPS,1
M,HGMGTFTVDLSKQMEEEAVRLWIEWLKNGGPSSGAPPVS,1
M,HGEGRFTSDLSKQMEEEAVRLFIEILKNGGPSSGAPPPS,-1
M,HGEGTFTSDLSKQMEEEAVRLFIEILKNGGPTSGAPPES,-1
M,HGEFTFMQDESKQMEEEAVMTFIWWLKNGLPSLGAPPKS,-1
M,HGEGLWTSDLSKPMEEEGVRLFIEWLRNGGPSSGACPPS,1
M,HGEGTFTSDLSKQMEEAAARLFIEWLKNGWWSIGAPPPS,1
M,HGEGTITSDLSKQMEEEAVRLFIEWLKLGGPSSFAPPPS,1
M,HGEGTFTGDLSKQMEVEAVRLFIEWLKNGGPSSGAPPPS,1
M,HGEGTFMSDLSKQMEEEAVRLFIEWLKNGGPSSGAFPPS,-1
M,HGEGTWTSDLSKQMEEEALRLFIEWLKNGGPSSGAPPWS,-1
M,HGEGTFTSDLSKQMEECAVRLFIKWLKLGKPSSGGPPPF,-1
M,HGEGTFTSDLSPQMEEEAVRSFIEWLKNGGPTSGAPPPS,1
M,HEEGTKTSDLSKQMEEEAGRLFIEWLKNGGPSSGAPPRS,1
M,HGEGTFCSDKSKQMEEEAVRLFIEWLQNGNPSSGAPPPS,1
M,HGEGTFTSDLSKQMEQEAVRLFIEWLKDGGPSSGHPPPS,1
M,HGEETFTSDLSKQMEEEAVRLFIEWLSNGMPSSGAPPPS,-1
M,HGEGTFTSDLSKQMEEEAVRLFIEWLKNGGPSSGAPPPS,-1
M,HGEGFFTSDLSKQMEEEAGRLFIEWLMIGGPSSGAPPPE,1
M,HGEGTFTSDLSKQMEEEAVRLFIEWLKNGGPSSCAPPPS,1
M,HGEGTFTSDLSKQMEEEAVRLFIEWVKNGNPSSGAPPPS,1
M,HGEGTFAQDLSKQMEEEAVRLFIEWLKNGGPSAGAPPPS,1
M,LGEGTFTSDLSKQMEEENVRLFIEWLCNGGGDSGAPPPS,-1
M,HGEGTFTSDLSKQMEEEHVRRFIEWNHCGGPSSGAPWPS,1
M,HGEGQFTYDLSKQMENEAVRLFIEWLKNGGPSSGAPPPS,-1
M,HGEKTFCSDLSKQMEEEAVRCFIEWLKNGGPSSGAPPPS,1
M,VGEGTATSDLSKQMEECAVRLLIWWLKGGGPSKGAPPPS,-1
M,HGEGVFVSDLSKQMEEEVVRLFIEWGKTGGPSSGAPPPS,-1
M,HGEGIFTQDMSKQMEEEAVRLFIEWLKNGGDSSGAPIPS,-1
M,HGEGTFTSFLSKQMPEEAVRLFIEWLKNGGPSSGAPPPS,1
M,HGEGTFTSDLFKQMEEEAVRLFIEWLKNGGPSSGAPPPS,-1
M,HGEGTFTSDLSNGMEEEAVRLPIEWLKNGGPSSGFPPPS,-1
M,HYEGTFTSDLSKQIEEEAVRLFIEWLKNGHVSSGAPPFS,-1
M,HGEGTFTSDLSKQMEEEAVRAFIEWLKNGGPSSGAPPPS,-1
M,HGEGNFVSDLSKYMEEEAVRLFDELRKNGGPSSGAPMPS,1
M,DGEGTFTSDLSKQMEEEAVRLFIEWLKNGDPSSGAPPPI,-1
M,HGEMTFPKDLSKQHEEEAVRLFIEWLKNGGPISGAPPPS,-1
M,HGEGTFTSDLKKQMEEEEVRLFIEWLVNGGPSSEAPPFS,-1
M,HGEGTFTSLLSKKMEEEAVRLFIEWLKNGGPSSGAPPPS,-1
M,HIEGTFTSDDSVQMEEEAVRLFNEWLSNGGPISGVPPPS,1
M,HWEGTFTSDISKQMEDEAVRLFIEWLKNGCPDSGAPMPM,-1
M,HGEGVFTSALSKQMEEEAVRLFIEWHKNIPPSKYAPEPS,-1
M,HHEGTFEMDLSKQMEEEAVRDCIEWLKNGGPSSGAPPPA,1
M,HGEGYFTSDESKQMEEEAVALFIEWLKNGGPSYGAIPPS,1
M,HGEGTFNSDLSKQMEEEAVRLFIEWLKNGGPSSGAPPYS,-1
M,HGEGTFTSDLHKQMEEEAVRLFIYWLMQGHPSSGAMPPS,-1
M,HGHGTFTSDLSKQMREEAVRLFIEELKNGWPSSGAPPPT,-1
M,HGEGTFTSDLSKQMEEEAVRLFIEWLKNGKPRSGAPDPS,-1
M,HGEGTFTSDLSYQMEEEAVRLFIEWLKNGFPSSGAPPPS,1
M,HGEGTFTSDLSKQMEEEAVFKFIEWLKNGGPSSGAPPPS,-1
M,HGEGTPTSDLSKQMEEEAVRLFFKDLKNGGPSSGAPPPS,-1
M,HGEGTFTSDNSMQMEEEAMRLYINWLKNGGPSSGAPPAS,1
M,VGEGTFTSDSSKQMEEEAVRLFIEWLKFGGPSSGAPPPS,1
M,HGEGTFTSDLSKQMEEEAVRQFNEWLKCGGPSSYAPPPS,-1
M,HGHGTRTSKGSKQMEEQAVRLFIEWLKNGGNSSGAPPPS,-1
M,HGEGTFTSDLSLQFEEEAVRLFIEWLKNGGPSSGAPPPS,-1
M,HGEGTFTSDLLKTLIQEAVRLFIEWLKNGGPSSGAPNPL,1
M,HGEGLFTFDLSKQMEAEATRLFIEWLKNGGPSSGAPPPS,1
M,HGEGTFLSDLSKAMEEEAVRLFIEFLKNGGPSSGAFPPS,1
M,HGEGTFTSDLSGQMEEEAVRLFIEWLKNGNPSSGAPPQS,1
M,HGEGTTTSDLSKQMEEEAVRLFIEWLKNGGPSSGAPPPS,-1
M,HGEGTFTSDLSKQMEEEAVRAPIQWLKAGPPTSGAPPPS,1
M,HGYGTFTSDLSKQMEEEAVRLFGEWKKNGGPSSGAVPPS,-1
M,HGEGTFTSDLSKIMEEEAVRLMIEWLKNCGPSIGAPIPS,-1
M,HGEGTFTYDLSQQMEEEAVELFIEWLKNGYPSSGAPPDS,-1
M,HGEGTFTSTLIKQMEEEAVRLFIEWLKGGGPSSGAPPPS,-1
M,HGEGTFTSDLSKQMEEEAVCLFWVWLKNGGPSSGAPPPS,-1
M,HGEGTMTSDLSKQMEEEAVRLFIEWLKMGGPSEGAPPPS,1
M,HGEGDFTSDLSKQHEEEAVRRFIEWLKNGGPNSGAPEPS,1
M,HGEGYFWSDLSKQMEEFADRLFFEWLKNGGPSSVFPPPS,-1
M,HGEGTFTSDLSKQMEAEAVRLFIEWLKNGGQSSGAPPHS,-1
M,HGEGTFTSDLSKQMEEEAFRLQIEWLKNSGPSSGAEPPS,1
M,HGEGTGTSDLSKQMEEEAVRAFIEWLKNGGPSSGAPPPS,-1
M,KGEGWFRSDLSKQSEEEPVRLFIEQLKNGGPSSGAPPPS,-1
M,YGEATFTSDLSKMMEEEAVQYNIEWLKNGGPSSGAPPPS,-1
M,HGMGTFTSDLSKQMEEESVRLFIENLKNRGPSSGAAPPS,1
M,HFEGTFTSDLSKQMEEEAVRLFIEGLKNGSPSSGAPPPS,1
M,HGEGTFTSDLSFQMEEEAVRLWIESEKNGGSSSGAPPPS,1
M,HGEGTFTSDLSKQMEEEAVRLFIEWLKNGGPSHGAPPPQ,-1
M,HGERTFTQDLSRQMEEEAVRLFIEWLKNGGPSSGAPPPS,1
M,HGEGTFTSDLSKQMEEEAVRLFIEWLKNGGDSYGAPPPS,-1
M,HGEGTFTSDLSKFMEEEAVRLAIEWDKNGGPSSGAPPPS,1
M,HGEGTFTGDLSKQMEEEAVRLFIEPLKNMQCSSGAPPPS,1
M,HGEGTFTSDLSSQMEEEKVRLFIEWLRNGGPSTGAPPTS,1
M,HGEGTFTSDLSKQMEEEAVRLFIDWLKTGGPSSGAPPKS,-1
M,HGEGTFTSWLSKQMEEEAVRLFWEWLKNGGPISGAPHPS,-1
M,HGEQNATSDLSKQMEEEAVRLFIEWLDNGGPNSGACPPS,-1
M,HGEGTFTSDLSSQMGEEADRLFIEWLKNGGPFSGAPPPS,-1
M,HGEGTFQSVCSKQMEEERVRLFIEWLKNGGKSSGAPPYK,1
M,HWEGTFTSDLSKQMEEYAARLFIEWKKNGGPSSGQPPPS,-1
M,HGEGTNTSDLSKQMEEEAVRLFIEWLKNGGPSSGAPPPS,1
M,HGEGTFTEDWSKQMQEEAVRLFIEWLKMGGPQSGAPPPS,-1
M,HGEGTFVSDLSKQMEEEAVNLFIEALKNGGPSSFAPPPI,-1
M,HGEGTFTSDWRKQMEEEAHRLFIEWLKNGCPSSGAPPPS,-1
M,HGEGTHTSDLSKQMEEEAVRLIIEWLKNGGPSSGAPPPS,-1
M,HGEGTFTSDLSKQMEEEAVRFSIEWLKNGGPSSGATPPS,-1
M,HGERTFTTDLHKQMLEEAVRLFIEWLMNTGPSSGAPPPS,-1
M,HGEGTFTSKLSKQMEEEAVRLFWEWLKNGGLSSGAPPPS,1
M,HLEGTFTSDLSKQMEIEAVRLFIEWLKNGGPSVGCPPVS,-1
M,HEEGTSTSDLCKQMEEEAVRLFIEWLKNGGPSSSAPQCS,-1
M,HLEGYFTSDLSKQMEEEAVRLFIHMLKNGGPSSFAPPPS,-1
M,HGEGTFTYDLSKQMEEEMQRLSIETIKNGGPSSGAGPPS,-1
M,HGEGTFWVFLSKQMEEEAVMLFIEWLKNGGPSSYAPPPS,1
M,HGEGTFPSDFSKQMEEEAVRLFIEWPKNGGPSTHAPPPS,1
M,HGEGKFTSDLSKQMEEEAVRLFIEWLFNGGYSSGAPPDI,-1
M,HGEGTFTSVLSKQHEEEEVRLFIEWLKNGGPSSGAPMPV,1
M,HGEGTFTSHLSKQMWEEAVRLFNMQLCCGGPSSGGRPPS,1
M,HGEGTFTSDCSKQMQEEAVRLFIEWLKNGGPISGAPPPS,-1
M,HGEGTFTSDLSKQMEEEAVRLFIEWLKNGGPSSGAPPPS,1
M,HGEGTFTSDLSKQMMEEAVRLFIEWLKNGGPSSGAPPPS,1
M,PGEGTFTSDLSKQMEEEKVKLFIEWLNNGEPSSGAWPPS,1
M,HGEGTFTQDLDKQMWELAVRLFIEWLKNGGPSSGAPPPS,1
M,HGEGTFTSDLSKQMEEEAGRLFIEWLHNGGPSSGAGPPS,-1
M,HGEGTFTSDLSKQMEEHAVRLFIEWLKNGGPSSGAPPPS,-1
M,GGEGKTTSDMSKRMAEEAVRLFIEWLKAGGPSSGAPPPS,-1
M,HGEGTFVSDLSKQMEEEAVRLFIEWLKNGGPSSGAPPPM,-1
M,HGEGTFTSDPSKQDEEEAVRLFIEWLKNGEPSSGAPPPS,-1
M,HGEGKFTSDLSKPMEEEAVRSFVEWLKNGGPSSGAPCPS,-1
M,HGEGTFFSDLSKQMEEEAVRLFIEWLKNGGPSSGAPPPS,1
M,HGEGRFTSDLSKNMEEAAVRLFIIWLRNGGPSSGAPPPS,1
M,HGEGTFTSDMSKQMEEEAVRLFIEWLKNGGPSSGAPPPC,-1
M,HGEGTFTSDLSKQMEEEAVRHCIEWLKNGGPSSGAPPPS,-1
M,HGEGTFTSDLSKQMEEEAVRLWIEWLKNGGPSSGAPPPS,-1
M,RGEGTFTSDLSKVMEIEAVKLFIEWLKNGGPRSGAYTYS,-1
M,HGEGTFTSDLSKQMEEEAVRLFIEWLKNGGNRSGAPPGS,-1
M,HGEGTSTSDLSKQMEEEDVRLNIEWLKNGGPSSGACPPS,1
M,HGEGTFTSDLSKQMEEHAVRLFIEWLKNGGPQSGAPPPS,1
M,HGEGTFTSDLSKQMEEEAVRLFIEWLKNGGLSSGAPPPS,-1
M,HGEGTFTSDLSKQMEEEAVRLFIEWLKNGFPSSGAPPPS,-1
M,HGEGTFTSDLSKQMEEEAVRLFLEWLKNGGPSSGAPPFS,1
M,HGEGTFTSDLSKQMEERAVRLFIEWLKNYGPSSGAPPYS,-1
M,HGEKTQTSDLSKGMEEEAVRMFIEWLWNGGPSSGAPPES,-1
M,HGEGTFTSDLSKQMEEEAVRLFIEWLKNGGPSSGAPPPS,-1
M,HGEGTFTIDLSKQMECEAPRLFIEWLKNILPSHGAPPPS,-1
M,HGEGTFTSDLSKQMEEQAVRLFIEWLKQIGPSSGAPPPS,1
M,HGEGTFTSDLSKQAEEEAVRLFIEWSKNGGYSSGAPPPS,-1
M,HGEGTFTSDLSKQMEEEAVRLFFEWLKNGGPSSGAPPPS,1
M,HGEGTQTSDLDMQMVEEVVRLFIEWLKNGGPSSGAPPPS,1
M,HGEMTFTSDLNKQMEEEAVRLFIEELKNGGPSSGAPPPL,-1
M,HGEITFTSDLCKQMEEEAVRLFTESLKNGAPSSGAPAPS,-1
M,HGRGTFTSDLSKQCEEEAVRLFIEITKNGGPSSGAPPPS,1
M,WGEGTFTSDLSKQMEEEAVRLFIEWLKNGGPSSGAIPGS,-1
M,HGEGTFTSDLSKQMEEEAVRLFIEWLDNGGPSSGAPPPS,-1
M,WGEMTMTDTLSKQMEEEAVELFIEWLKNGGPSSGSPPPH,-1
M,HGEGTFTSDSSKQMEEEAVRRGIEPCKNGGPSSGAMPPS,1
M,HGEGMFTSDSSKQMEEEAVRLFWEWLKNGGPISGAPPPS,-1
M,HGEGTFLIDWSKQMEEEAVRLRAFWLKNGGPSSGALPPM,-1
M,HGEGTFTYDLSKQMECEAVRLFIPWLKNGGPSSGAPVPS,-1
M,HGEYTFTSDMSKQMEEEAVRLFIEWLKNGGPSSGAPPIS,-1
M,ADEGHFTSDISKMMMEEAVRLFIVWLKGGGPSSGAPPPS,-1
M,HGEGTFTSDLSKQMEEEAVRLFIEWLKEGGPSSEAPPPS,1
M,HGEGTFTSDLSNQMEEEAARLFIFWLKNGGNSSGAPPPS,1
M,HGDTMFTSDLSMQWEEEPVRLFIEWLKNGGPYSGAPPPS,-1
M,HGEGTFTSDLSKQMEEEAVREEIEWLKIGGNASGASCPS,-1
M,HGEGSFTFDLSKQMEEESVRLFIEWLKNGGPSSGAPPPS,-1
M,HGEGTTTSDLFKQMEEEYVRLFIEWLKIGGPSVGAPPPS,1
M,HGEGTFTSDKSKQMEEEAVRLFIEWLKNGGPSSGAPPPS,-1
M,HGEGTFTQDLSKQMEGAAVRLFTESLKNGGYSSGAPPPS,1
M,HGEGTFTSDLDKQMEEEAVFLFIEWLKNGGTSSEAPPPS,1
M,CGEGIFTSDLSKQGEEEATRLFIEWLKNAGPASGAPPPS,-1
M,HGEYTFTCDSSKQDEEEAVRLFIEWWKNGGPSSGAPPPS,-1
M,HGEGTFTSMLSEQMEEEAVRLFIFWLYNGGPSSGEPPPS,-1
M,HGEGTFTSDLSKQMEECAVRLFIEWLKCGGPSSGAHPPS,1
M,HGEGTFTSDLSKQMEEEWVRLFIEWLKNGGPSSHAPPPS,-1
M,HGEGTFTPDLSKQMEEEADRLFIEWLKMGGPPSGAPPPS,-1
M,HGEGTFTSDLSKQMEEEAVRLHIEWLKNHGPSSGAPPPS,-1
M,HGEGTFTKDLGKQMQEEAVRLFIEWLKNGGPSQGWPPPS,-1
M,HGEGTFTSDLSKQMEEEAVRLFIEWLKNGGPSSGAPPPS,-1
M,HGLGNFTSDLSKQMEEEAVRLFIEWLKNGGPSSGANDPS,1
M,HGEGTFTSDLSKQMEETAVRLFIEWLKNGGPWSGAPRPS,-1
M,HGEGTFTSDLSPQMEEEACRLFIEWLKNGGPSSGAPCPS,1
M,HGEGTFTSDLMKQMEECAVRLFISWLKNGIHSSGAPPPS,1
M,HGEGTFTSDLSKQMEDEAVRHFIYWSSNGGPSSFAPPPS,-1
M,HGEGTFTSDLSKQFEEEAVRLFIYWLKSGGPESGAPPPL,1
M,HGEWTFTSDLIKQMEECAVRLFIEWWKNGGPSSGAPPPS,-1
M,HGEGTFTSDLHKQIEETAVRLFIEWLKNGGPSSGAPPPS,1
M,HGEGTFLSLLSKQMEEVAVRLFIEWLKNGGPSSRAPPPS,1
M,HGEGQFTSDLSKQMEEEAVRLFIEWLKNGKPSSGAPPPS,1
M,HGEGTFHSDLSRQMEEETVRLFIERLDNGGQSSGAPPAM,1
M,YGEGTFTSYLSKQMPEEAVRLFIEWLKQGGPSSGAPMPS,1
M,HGEGTFTSDLSKQMELYAVRLFIEWLKAGGWSSGAPPPL,1
M,HGEGTFTSDLSKQGDEEAVRLFIPWLKNGGPSPGAPPPS,1
M,IVEGTFTCDLSKQMEEEAVRLFIEWLKNYNPSSGAPWPS,1
M,HGEGTFTSDLSKQMEEEAVRLFIEELKNGGPSSGAPPPS,-1
M,HYEGEFTSQLSKQMEEEWFRLFIEWLKNGGKSSGAPPPS,1
M,TLEGTFTSDLSKQMEEEAVRLFIEPLWNGAPSSLAPCPS,-1
M,HMEGTFTSDLSKQMEEEAVRLFSEWLKNGHPSSGAPPPS,1
M,HGEGTFQSDLSKQMEEEHMRLFIEWLKNGGPSSGAPPPG,1
M,HGEDTFTSDLSKQMEEEAVRLFIEWLKNGGPSHGAPPPS,-1
M,HGKGTFTFDLSKQCEEEAVRLFIEWRKAGGPSSGAPLPS,1
M,HGEGTFTSDLSIQMEHEHYRAFIEWLKNGGPSSGGPPPS,-1
